rumi,predicted,true
aba-daba,اب٢,اب-داب
abad,ابد,ابعد
abad,ابد,ابعاض
abadi,ابدي,ابادي
keabadian,کعبادين,کابادين
pengabadian,ڤڠبادين,ڤڠابادين
terabadi,ترعبدي,ترابادي
abadiat,عبدية,ابدية
abdal,ابدل,ابدال
abdas,ابداس,ابدس
berabdas,برعبدس,برابدس
abiad,عبيد,ابيض
abidin,عبيدين,عابدين
abiogenesis,ابيوݢينيسيس,ابيوݢينسيس
pengabjadan,ڤڠبجادن,ڤڠبجدن
abonemen,ابونمن,ابونمين
berabonemen,برابونمن,برابونمين
abrar,ابر,ابرار
abuya,ابويا,ابوي
abyad,ابيد,ابيض
acukan,اچوقن,اچوکن
ada-berada,اد-برادا,اد-براد
berada,برادا,براد
berada-ada,برادا-ادا,برادا-اد
mengada-ada,مڠادا-ادا,مڠادا-اد
adab,عدب,ادب
beradab,برعدب,برادب
keadaban,کعدبن,کادبن
adai-badai,اداي٢,اداي-باداي
adalat,عدالت,عدالة
adan,عدن,ادن
adas,ادس,عدس
adiabatik,اديابتيک,ادياباتيک
peradilan,ڤراديلن,ڤرعاديلن
adinterim,ادينتريم,ايداينتريم
adiwangsa,اديواڠسا,اديوڠسا
adjuster,ادجوستر,ايدجوستر
mengadoi-adoi,مڠادوي-ادوءي,مڠادوي-ادوي
advalorem,ادۏالورم,ايدۏالورم
aeroponik,ايروڤونيک,ايروفونيک
afakia,افقيا,افاکيا
afal,افل,افعال
afasia,افسيا,افاسيا
keafdalan,کافدلن,کافضلن
afdeling,افدليڠ,افديليڠ
afrit,افريت,عفريت
agregat,اݢرݢت,اݢريݢت
pengagresif,ڤڠݢريسيف,ڤڠاݢريسيف
ahad,احد,اهد
mengahadkan,مڠحدکن,مڠاهدکن
ahad,احد,عهد
ahadah,اهدة,اهده
ahkam,اهکم,اهکام
ahlanwasahlan,اهلامواصحلن,اهلاموسهلام
berahli,برهلي,براهلي
ahmak,اهمق,احمق
ahmar,اهمر,احمر
ahwal,اهوال,احوال
diaibkan,دعاءينکن,دعاءيبکن
aileron,ايلرون,اءيلرون
ain-al-banat,اءين٢,عينالبنات
ainulbanat,عينالبنة,عينالبنات
aisberg,اءيسبرݢ,اءسبرݢ
aiya,اءي,اءييا
ajab,عجب,اجب
ajahan,اجهن,اجاهن
ajaib,عجاعب,عجاءيب
ajmain,اجمعن,اجمعين
akah,عقه,اکه
akaid,عقاعد,عقائد
akal,اکل,عقل
akal-akalan,عقل-کالن,عقل-عقلن
berakal,براکل,برعقل
diakali,داکلي,دعقلي
seakal,ساکل,سعقل
seakal-akal,سعقل٢,سعقل-عقل
terakalkan,تراکلکن,ترعقلکن
akarat,اکارت,اکارة
akas,اکس,عکس
keakasan,کعقسن,کعکسن
akhbar,اخبر,اخبار
akhdar,اخدر,اخضر
mengakhiri,مڠخيري,مڠاخيري
akhiz,اخيز,اخيذ
akibah,عقيبه,عاقبة
diakibatkan,دعاقبکن,دعاقبتکن
akidah,عقيده,عقيدة
berakidah,برعقيده,برعقيدة
akik,اکيق,عقيق
akil,اکيل,عاقل
akla,اکلا,اعلى
aklam,اعلام,اعلم
akrab,اقرب,عقرب
akraf,اکرف,اعراف
diakronim,دياکرونيم,داکرونيم
aktuil,اکتوءيل,اکتويل
akuaregia,اکوارݢيا,اکواريݢيا
akuarel,اکوارل,اکواريل
akueus,اکووييس,اکووييوس
akuifer,اکويفر,اکوايفر
akwal,اکوال,اقوال
akzam,عقظم,اعظم
ala,الا,على
terala,ترالا,ترعلى
alacarte,الاچرتي,الاکرت
alaf,الف,الاف
alai-balai,الاي٢,الاي-بالاي
alai-belai,الاي٢,الاي-بلاي
alaihi,علاءيحي,عليه
alaihissalam,علائهالسلام,عليهالسلام
alaika,علايکا,عليک
alaikum,علائکم,عليکم
sealak-alak,سالق٢,سالق-الق
alakulihal,علاکلاله,علىکلهال
mengalami,مڠعلامي,مڠالمي
alamak,علامق,الامق
alaman,المن,الامن
dialamati,دعلمتي,دعلامتي
alamatulhayat,علامةالحية,علامةالحياة
alamiah,علامية,عالمية
dialasi,ديالسي,دالسي
al-baibithamanajil,البيبثةمناجالجل,البيعبثمنعاجل
albedo,البدو,البيدو
albumen,البومن,البومين
alergenik,الرݢنيک,اليرݢنيک
alfa,الفا,الف
alfu,الفو,الف
alga,الݢ,الݢا
alibaba,عالباب,عليباب
mengalibabakan,مڠاليباباکن,مڠعليباباکن
alif-ba-ta,اليف-باء-ات,اليف-باء-تاء
al-ijarah,العجارة,الاجارة
alim,اليم,عاليم
alimentari,اليمنتاري,اليمينتاري
alimiat,اليميات,عالمية
al-kafalah,الکفلة,الکفالة
kealkalian,کعلکالين,کالکالين
alkamar,الکمر,القمر
alkari,الکري,الکاري
al-kasyaf,الکشف,الکشاف
alkonya,الکوڽ,الکوڽا
allahuakbar,اللهاعر,اللهاکبر
allahyarhamah,اللهيرهامه,اللهيرهمه
allamah,اللامه,علامة
almalun,الملون,الملعون
almanak,المانق,المناک
al-mudarabah,المضربة,المضاربة
al-murabahah,المربهة,المرابحة
alpaka,الڤاک,الڤاکا
al-quran,القران,القرءان
alterego,التريݢو,الترايݢو
alveolus,الۏويولوس,الوۏيولوس
al-wadiah,الودية,الوديعة
al-wakalah,الواکله,الوکالة
alwasi,الواسي,الوصي
alwasia,الواسيا,الوصي
pengamal,ڤڠامل,ڤڠعمل
amalgam,عملݢم,املݢم
memperaman,ممڤرامن,ممڤرامان
pengaman,ڤڠامن,ڤڠامان
keamatan,کعامتن,کامتن
ambekan,امبيقن,امبقن
amben,امبين,امبن
ambil-mengambil,امبيل٢مي,امبيل-مڠمبيل
mengambungkan,مڠامبوڠکن,مڠمبوڠکن
amek,امق,اميق
amendemen,اميندمن,اميندمين
amenorea,امينوريا,امنوريا
keamerikaan,کامريکاءن,کاميريکاءن
amfoterik,امفوتريک,امفوتيريک
amil,اميل,عامل
amirulbahar,اميرالبار,اميرالبحر
amirulmukminin,اميرالمؤنين,اميرالمؤمنين
ammabakdahu,امابده,امابعده
ammabakdu,امابد,امابعد
ammonium,اممونيوم,اممونيا
ampel,امڤل,امڤيل
ampere,امڤيري,امڤيئر
amsal,امثل,امثال
ana,ان,انا
anaglif,اناݢليف,انݢليف
anakanda,اناکندا,انقندا
analgesia,انلݢسيا,انلݢيسيا
anarkisme,انارکيسمى,انرکيسمى
anasir,عناسير,عناصير
anbia,انبيا,انبياء
mengancak-ancak,مڠانچق-انچق,مڠنچق-انچق
andai-andaian,انداي٢,انداي-انداين
keterandalan,کترندلن,کتراندلن
androesium,اندروءيسيوم,اندرويسيوم
diangan-angankan,داڠن٢کن,داڠن-اڠنکن
mengangaukan,مڠاڠاوکن,مڠاڠوکن
anggukan,اڠݢوکن,اڠݢوقن
anggup-anggip,اڠݢوڤ٢,اڠݢوڤ-اڠݢيڤ
angin-anginan,اڠين٢,اڠين-اڠينن
angin-anginkan,اڠين٢,اڠين-اڠينکن
berangka-angka,براڠک٢,براڠکا-اڠک
keberangkatan,کبرڠکتن,کبراڠکتن
memberangkatkan,ممڤرڠکتکن,ممڤراڠکتکن
perangkatan,ڤرڠکتن,ڤراڠکتن
seperangkat,سڤرڠکت,سڤراڠکت
perangkawan,ڤرڠکاون,ڤراڠکاون
angsang,اڠسڠ,اڠساڠ
angsena,اڠسينا,اڠسنا
anjakan,انجقن,انجاقن
anjangkarya,انجاڠکاريا,انجڠکاريا
berperanjung,برڤرنجوڠ,برڤرانجوڠ
anoksemia,انوکسميا,اناوکسيميا
anta,انتا,انت
antaberanta,انتابرنتا,انتابرانتا
antaboga,انتابوݢ,انتابو
perantara,ڤرنتارا,ڤرانتارا
keantarabangsaan,کانتارابڠاءن,کانتارابڠساءن
mengantarabangsakan,مڠنتارابڠکاکن,مڠنتارابڠساکن
pengantarabangsaan,ڤڠنتارابڠاءن,ڤڠنتارابڠساءن
antelop,انتلوڤ,انتيلوڤ
antero,انترو,انتيرو
seantero,سانترو,سانتيرو
anti,انت,انتي
antiemetik,انتييميتيک,انتيايميتيک
antik,انتيق,انتيک
keantikan,کانتيقن,کانتيکن
antikuiti,انتيکوءيتي,انتيکويتي
antimalaria,انتيمالاريا,انتيملاريا
menganting,مڠانتيڠ,مڠنتيڠ
antinovel,انتينوۏل,انتينوۏيل
antroposentrisme,انتروڤوسينيتريسمى,انتروڤوسينتريسمى
mengapa-apai,مڠاڤا-اڤاي,مڠاڤا-اڤاءي
apabila,اڤبيلا,اڤابيلا
apatetik,اڤاتيتيک,اڤتيتيک
apati,اڤتي,اڤاتي
aperitif,اڤريتيف,اڤيريتيف
apes,اڤيس,اڤس
mengapresiasi,مڠاڤريسياسي,مڠڤريسياسي
berapung-apung,براڤوڠ٢,براڤوڠ-اڤوڠ
arabes,ارابس,عرابيس
aria,اريا,اراي
arai-jemarai,اراي٢,اراي-جماراي
arakan,اراکن,ارقن
arak-arakan,ارق-ارقن,ارق-ارڤن
aral,ارل,عرل
diaralkan,دارلکن,دعرلکن
mengaralkan,مڠارلکن,مڠعرلکن
aram-temaram,ارم٢,ارم-تمارم
arbaa,ارباع,اربع
arbitrari,اربيتراي,اربيتراري
ardi,اردي,ارض
are,اري,ارا
arham,ارهام,ارهم
mengarifi,مڠاريفي,مڠعاريفي
mengarifkan,مڠاريفکن,مڠعاريفکن
arifin,اريفين,عاريفين
arkaik,ارکايق,ارکاءيک
arkan,ارکن,ارکان
arketaip,ارکتاءيڤ,ارکيتاءيڤ
arkian,ارکيان,ارکين
aromaterapi,اروماتراڤي,اروماتيراڤي
ar-rahn,اررن,الرهن
arsenik,ارسنيق,ارسنيک
arsenium,ارسينيوم,ارسنيوم
arsyad,ارشاد,ارشد
arteriol,ارتيريول,ارتريول
arteriosklerosis,ارتيريوسکلروسيس,ارتريوسکليروسيس
articok,ارتيچوق,ارتيچوک
arud,ارود,عروض
arwah,ارواه,ارواح
beras,براس,برءس
mengasa,مڠاسا,مڠاس
asah,اسه,اصح
asahhu,اسه,اصح
asalan,اصلان,اصلن
asal-muasal,اصل-مواسل,اصل-مواصل
seasal,ساسل,ساصل
asar,اسر,اثار
asar,اسر,عصر
pengasasinatan,ڤڠاساسينتن,ڤڠاساسيناتن
asetaldehid,اسيتلديهيد,اسيتلدهيد
asetat,استت,اسيتت
asfar,اسفر,اصفر
asi,اسي,عاصي
asian,اسيان,اسين
askal,اسکل,اثقال
asli,اسلي,اصلي
keaslian,کاسلين,کاصلين
asmak,اسمق,اسماء
asmaulhusna,اسمالحسنى,اسماءالحسنى
asnad,اسند,اسناد
asnaf,اسناف,اصناف
pengasramaan,ڤڠاسراماءن,ڤڠسراماءن
assalamualaikum,اسلالمؤالعم,السلامعليکم
asteroid,استروءيد,استيروءيد
astringen,استريڠن,استرينݢن
astrofizik,استروفيزيک,استروفيذيک
aswad,اسواد,اسود
asyhadu,اشهدو,اشهد
keasyik-asyikan,کعاشيق-اشيقن,کعاشيق-عاشيقن
mengatap,مڠاتڤ,مڠاتڤکن
atar,اتر,عطر
atas-mengatasi,اتس-مڠاتاسي,اتس-مڠاتسي
diatasi,دياتسي,داتسي
atawa,اتاوا,اتاو
atbak,اتبق,اطباق
ateis,اتيئس,اتيئيس
ateisme,اتيئسمى,اتيئيسمى
atmosfera,اترموسفيرا,اتموسفيرا
aubad,عوبد,اءوبد
aula,اولى,اءولا
aulia,اوليا,اولياء
aurat,اءورت,عورة
autoritarianisme,اءوتوريتاريانياسيمى,اءوتوريتاريانيسمى
auzubillah,عوزبالله,اعوذبالله
avant-garde,اۏنت٢,اۏانت-ݢردى
awahama,اوهام,اواهام
berperawakan,برڤراواکن,برڤراوقن
pengawam,ڤڠاوم,ڤڠعوام
pengawaman,ڤڠاومن,ڤڠعوامن
awan,عوان,اون
award,اورد,اوارد
awda,اودا,اءودا
awur-awuran,اوور-اورن,اوور-اوورن
aya,اي,ايا
berayal-ayalan,برعيل-ايلن,برايل-ايلن
ayir,اير,ايير
azab,عذب,عذاب
azal,عزل,ازل
azali,عزلي,ازلي
keazalian,کعزالين,کازلين
azamat,عزامة,عظمة
azimut,عزيموت,ازيموت
azlak,عزلق,اذلق
ba,با,باء
bab,بب,باب
babad,ببد,بابد
membacai,ممباچاي,ممباچاءي
bad,باد,بد
membadai,ممباداءي,ممباداي
badaman,بادمن,بدامن
badani,باداني,بادني
badar,بادر,بدر
badari,بادري,بداري
perbagai-bagai,ڤرباݢاي٢,ڤرباݢاي-باݢاي
baghi,بغي,باغي
bagimana,بݢيمان,باݢيمان
bahai,بهاي,بهاءي
bahak,بحق,باهق
terbahak-bahak,ترباهق-بهق,ترباهق-باهق
baham,بهم,باهم
membaham,ممبهم,ممباهم
membahan,ممبهن,ممباهن
membahangi,ممبهڠي,ممباهڠي
bahantara,بهنتارا,باهنتارا
bahar,بحر,باهر
bahari,بهري,بهاري
bahari,بهري,بحري
baharullah,بهرالله,بحرالله
berbahas-bahasan,بربحث-بحسن,بربحث-بحثن
bahat,بحت,باهت
bahrulhayat,بهرالحيات,بحرالحياة
bai,باءي,بيع
baiah,بايه,بيعة
baiat,بعية,بيعة
baid,باءيد,بيض
baid,باءيد,بعيد
bainah,باءينه,بينة
bairup,باءيروڤ,بايروڤ
baitulmal,بيطالمل,بيتالمال
bakarat,بکرت,بکارت
bakda,بعدا,بعض
bakelit,بکليت,باکليت
bakeri,بکري,باکري
baki,باکي,باقي
bakiak,بقياق,بکياق
baksis,بکسيس,بقسيس
baksut,بقسوت,بکسوت
bakteria,بکتريا,بکتيريا
bala,بالا,بلاء
balaghah,بلغة,بلاغة
berbalah-balahan,برباله-بالهن,برباله-باله
balairung,بلايروڠ,بالايروڠ
balak,بلاق,بالق
balalaika,بلالايکا,بالالايکا
balam,بلم,بالم
balam-balam,بلم٢,بالم٢
balas,بلاس,بالس
balasan,بلاسن,بالسن
berbalasan,بربلاسن,بربالسن
balela,باللا,باليلا
balerina,بالرينا,باليرينا
balian,بالين,بليان
kebalikan,کباليقن,کباليقکن
balingian,باليڠين,باليڠيان
balon-balonan,بالون٢,بالون-بالونن
bancang,بانچڠ,بنچڠ
membancang,ممبانچڠ,ممبنچڠ
bancar,بانچر,بنچر
membancuh,ممبانچوه,ممبنچوه
bandan,باندن,بندن
diperbandarkan,دڤربندرکن,دڤرباندرکن
bandarsah,باندرسه,بندرسه
bandos,باندوس,بندوس
bandot,باندوت,بندوت
bandu,باندو,بندو
banduk,باندوق,بندوق
bandut,باندوت,بندوت
membandut,ممباندوت,ممبندوت
pembandut,ڤمباندوت,ڤمبندوت
dibanggakan,دبڠݢکن,دبڠݢاکن
bangir,باڠير,بڠير
bangkah,بڠکه,باڠکه
bangkal,بڠکل,باڠکل
terbangkit,ترباڠکيت,تربڠکيت
bangkung,بڠکوڠ,باڠکوڠ
bani,باني,بني
banian,بانين,بانيان
berbanjar-banjar,بربنجر-بانجر,بربنجر-بنجر
dibankkan,دبڠکن,دبڠککن
perbankan,ڤربنکن,ڤربڠککن
bantang,بانتڠ,بنتڠ
pembanting,ڤمبانتيڠ,ڤمبنتيڠ
pembantingan,ڤمبانتيڠن,ڤمبنتيڠن
banu,بانو,بنو
berbapakan,برباڤقن,برباڤاکن
kebaqaan,کباقاءن,کبقاءن
dibarai,دباراي,دباراءي
membarai,ممباراي,ممباراءي
barakuda,براکودا,باراکودا
baras,براس,برس
barbarisme,برباريسمى,بربريسمى
membarbeku,ممڤربکو,ممڤربيکو
bareng,باريڠ,بارڠ
berbareng,برباريڠ,بربارڠ
membarengi,ممباريڠي,ممبارڠي
berbaring-baring,برباريڠ٢,برباريڠ-باريڠ
baris-berbaris,باريس٢,باريس-برباريس
barkandan,برکندن,برقندان
barkas,برکس,بارکس
barograf,بروݢرف,باروݢرف
barok,باروق,باروک
basitah,باسيته,بسيطه
basya,باش,باشا
batan,بتن,باتن
batara,باتارا,بتارا
batela,باتلا,باتيلا
berbateri,بربتري,برباتري
bersebati,برسبتي,برسباتي
batil,باتيل,باطل
batin,باتين,باطين
berbatin,برباتين,برباطين
membatin,ممباتين,ممباطين
batrik,باتريک,بطريک
batu-batan,باتو-بتن,باتو-باتن
bau,باو,باءو
pembau,ڤمباو,ڤمباءو
sebau,سباو,سباءو
terbau,ترباو,ترباءو
berpembawaan,برڤمباواءن,برڤمباءواءن
bayan,باين,بيان
membayankan,ممباينکن,ممبيانکن
terbayan,ترباين,تربيان
bayangkari,بايڠکري,بايڠکاري
bayi,بيي,بايي
bazar,بذر,بازر
bazuka,بازوک,بازوکا
bdelium,بديليوم,بدليوم
bearing,بياريڠ,بيريڠ
dibebani,دبيبني,دببني
dibebankan,دبيبنکن,دببنکن
membebani,ممبيبني,ممببني
membebankan,ممبيبنکن,ممببنکن
beban,ببن,بيبن
terbebang,تربيبڠ,ترببڠ
berbebar,بربيبر,برببر
berbebaran,بربيبرن,برببرن
bebaran,ببرن,ببارن
bebas,ببس,بيبس
dibebaskan,دببسکن,دبيبسکن
pembebas,ڤمببس,ڤمبيبس
pembebasan,ڤمببسن,ڤمبيبسن
terbebas,ترببس,تربيبس
bebesaran,ببسرن,ببسارن
bebet,بيبيت,ببت
beca,بيچا,بچا
becak,بيچق,بچق
berbecak,بربيچق,بربچق
becang,بچڠ,بيچڠ
beda,بدا,بيدا
bedak,بدق,بيدق
membedak,ممبدق,ممبيدق
bedaya,بداي,بدايا
membega,ممبيݢ,ممبيݢا
membega-bega,ممبيݢ-بيݢا,ممبيݢا-بيݢا
begar,بيݢر,بݢر
kebegaran,کبݢرن,کبيݢرن
membegari,ممبيݢيري,ممبيݢري
begum,بݢوم,بيݢوم
bek,بيق,بيک
mengembek,مڠيمبيق,مڠمبيق
bekahah,بکاهه,بکاهق
bekasan,بکاسن,بکسن
bela,بيلا,بلا
berbela,بربيلا,بربلا
berbelakan,بربلقن,بربلاکن
dibela,دبيلا,دبلا
pembela,ڤمبيلا,ڤمبلا
teperbela,تڤربيلا,تڤربلا
belaan,بلاءن,بيلاءن
membela,ممبلا,ممبيلا
pembelaan,ڤمبلاءن,ڤمبيلاءن
terbela,تربلا,تربيلا
belak,بلق,بيلق
belang,بلڠ,بيلڠ
belat-belit,بيلت-بليت,بلت-بليت
berbelau-belau,بربلاو٢,بربلاو-بلاو
kebelauan,کبلاوان,کبلاون
belcanto,بيلننتو,بيلکنتو
belebar,بلبر,بليبر
beleda,بليدا,بلدا
belek,بيليق,بليق
membelek,ممبيليق,ممبليق
belera,بلرا,بليرا
belian,بليان,بلين
belok,بيلوق,بلوق
membelok,ممبيلوق,ممبلوق
pembelokan,ڤمبيلوقن,ڤمبلوقن
belom,بيلوم,بلوم
belon,بيلون,بلون
membelot,ممبلوت,ممبيلوت
beloti,بيلوتي,بلوتي
beman,بمن,بيمن
bena,بينا,بنا
membenakan,ممبناکن,ممبيناکن
bendahara,بندهارا,بنداهارا
perbendaharaan,ڤربندهاراءن,ڤربنداهاراءن
bendaharawan,بندهاراون,بنداهاراون
bendahari,بنداهري,بنداهاري
bendang,بيندڠ,بندڠ
membendarkan,ممبيندرکن,ممبندرکن
bendari,بندري,بنداري
bende,بيندي,بندي
bendel,بينديل,بيندل
pembendel,ڤمبينديل,ڤمبيندل
bender,بيندير,بيندر
bendera,بندرا,بنديرا
membenderai,ممبندراي,ممبنديراءي
bendih,بنديه,بينديه
bendo,بيندو,بندو
bendok,بيندوق,بندوق
bendoro,بيندورو,بندورو
bengkang,بڠکڠ,بيڠکڠ
bengkok,بيڠکوق,بڠکوق
bengoh,بيڠوه,بڠوه
benigna,بينيݢنا,بنيݢنا
benjil,بنجيل,بينجيل
bentan,بنتن,بينتن
bentar,بنتر,بينتر
berbentar,بربنتر,بربينتر
membentari,ممبنتري,ممبينتري
membentarkan,ممبنترکن,ممبينترکن
perbentaran,ڤربنترن,ڤربينترن
bentet,بينتيت,بنتيت
kebentok,کبينتوق,کبنتوق
bentukan,بنتوکن,بنتوقن
pemberahi,ڤمبرهي,ڤمبراهي
berak,بيرق,برق
terberak,تربيرق,تربرق
memberak,ممڤيرق,ممبيرق
memberaki,ممڤراقي,ممبيرقي
memberakkan,ممڤيرقکن,ممبيرقکن
berambung,برامبوڠ,برمبوڠ
beran,بران,برن
berancai,برانچاي,برنچاي
beranda,براندا,برندا
berandal,براندل,برندل
berandang,براندڠ,برندڠ
berang,برڠ,بيرڠ
keberangan,کبرڠن,کبيرڠن
memberang,ممڤيرڠ,ممبيرڠ
memberangi,ممڤرڠي,ممبيرڠي
diberani-beranikan,دبراني٢,دبراني-برانيکن
berantakan,برانتاکن,برنتاکن
berantas,برانتس,برنتس
pemberantasan,ڤمبرانتسن,ڤمبرنتسن
berarakan,برارقن,براراکن
beras,براس,برس
beras-beras,براس٢,برس٢
berdikari,برديکري,برديکاري
berek,بيريق,بيريک
beremban,برامبن,برمبن
berembang,برامبڠ,برمبڠ
berembau,برامباو,برمباو
beremi,برامي,برمي
berenas,براينس,برنس
berenga,براڠا,برڠا
berenggil,براڠݢيل,برڠݢيل
berentang,براينتڠ,برنتڠ
bererot,برايروت,بريروت
bererotan,برايروتن,بريروتن
beres,بيريس,بريس
diberesi,دبريسي,دبيريسي
memberesi,ممڤريسي,ممبيريسي
membereskan,ممڤيريسکن,ممبيريسکن
beret,بيريت,بريت
bergedel,برݢيديل,برݢديل
beri,بيري,بري
berian,براين,برين
memberi,ممڤري,ممبري
memberikan,ممڤريکن,ممبريکن
beriang,براياڠ,برياڠ
beriberi,بريبري,بيريبيري
berida,برايدا,بريدا
berik,براق,بريق
berinda,برايندا,بريندا
beringas,برايڠس,بريڠس
bering-bering,بريڠ-بريڠ,بريڠ٢
beringin,برايڠين,بريڠين
beringisan,برايڠيسن,بريڠيسن
berisik,برايسيق,بريسيق
berkat,برکت,برکة
berkelium,برکليوم,برکيليوم
berko,برکو,بيرکو
bernas,برنص,برنس
beroci,براوچي,بروچي
beroga,براوݢ,بروݢ
beroi,براوي,بروي
berombong,براومبوڠ,برومبوڠ
berondong,براوندوڠ,بروندوڠ
berondongan,براوندوڠن,بروندوڠن
berongsang,براوڠسڠ,بروڠسڠ
berongsong,براوڠسوڠ,بروڠسوڠ
beronok,براونوق,برونوق
berontak,براونتق,برونتق
beronyeh,براوڽيه,بروڽيه
berot,براءوت,بيروت
beroti,براوتي,بروتي
berudu,براودو,برودو
berui,براوي,بروي
berujul,براوجول,بروجول
berumbun,براومبون,برومبون
berunai,براوناي,بروناي
berunang,براونڠ,برونڠ
berunsai,براونساي,برونساي
beruntus,براونتوس,برونتوس
besan,بسن,بيسن
berbesankan,بربسنکن,بربيسنکن
besar-besaran,بسر٢,بسر-بسرن
besaran,بسرن,بسارن
besot,بيسوت,بسوت
membestarikan,ممبستريکن,ممبستاريکن
membestel,ممبيستيل,ممبستيل
betek,بيتيق,بيتق
beti,بتي,بيتي
beti-beti,بتي٢,بيتي٢
beton,بيتون,بتون
betot,بيتوت,بتوت
biadat,بيادت,بيعادة
biah,بياه,بيئه
bidadari,بيدادري,بيداداري
bidari,بيدري,بيداري
bighair,بغاءر,بغير
bihausy,بيهاءوش,بيهوش
membikin,ممبيقين,ممبيکين
pembikin,ڤمبيقين,ڤمبيکين
pembikinan,ڤمبيقينن,ڤمبيکينن
terbikin,تربيقين,تربيکين
berbikini,بربيقيني,بربيکيني
bikir,بيکير,بکر
bilal,بيلل,بلال
bilhak,بلهاق,بالحق
bin,بين,بن
berbin,بربين,بربن
membinkan,ممبينکن,ممبنکن
bini-binian,بيني٢,بيني-بينين
binti,بينتي,بنت
berbinti,بربينتي,بربنت
dibintikan,دبينتيکن,دبنتيکن
bioekologi,بيويکولوݢي,بيوايکولوݢي
bioenergetik,بيواينݢيتيک,بيواينرݢيتيک
biogenesis,بيوݢينيسيس,بيوݢينسيس
biolingustik,بيوليڠݢوستيک,بيوليڠݢوءيستيک
bias,بياس,بيسا
bismillah,بسملاح,بسمالله
bissawab,بيسواب,بالصواب
bitumen,بيتومن,بيتومين
memblok,ممبلوق,ممبلوک
memblokade,ممبلوکادى,ممبلوکادي
sebodoh-bodoh,سبودوه٢,سبودوه-بودوه
bohemian,بوهيمين,بوهيميان
diboikot,دبوءيکوت,دبويکوت
seboleh-boleh,سبوليه٢,سبوليه-بوليه
berbolong-bolong,بربولوڠ٢,بربولوڠ-بولوڠ
bolt,بولت,بوت
bombardemen,بومبردمن,بومبردمين
borik,بوريق,بوريک
boulevard,بولۏرد,بولۏارد
brahman,برهمن,برهمان
braille,برايلي,بريل
brasben,براسبن,برسبين
membrek,ممڤير,ممڤريک
membrekkan,ممڤريقکن,ممڤريککن
brengan,بريڠن,بريڠݢن
brevet,بريۏيت,برۏيت
brigedier,بريݢيدير,بريݢيديار
buaya,بواي,بوايا
buaya-buaya,بواي٢,بوايا٢
membuaya,ممبواي,ممبوايا
budaya,بوداي,بودايا
berbudaya,بربوداي,بربوديا
membudaya,ممبوداي,ممبودايا
buddha,بودها,بودا
budek,بوديق,بودق
dibukakan,دبوککن,دبوکاکن
bukit-bukau,بوکيت٢,بوکيت-بوکاو
bulan-bulanan,بولن٢,بولن-بولنن
bulat-mulat,بولت٢,بولت-مولت
kebulur-kebelai,کبولور٢,کبولور-کبلاي
bunduki,بوندوقي,بوندوکي
membunga-bungai,ممبوڠا-بوڠاي,ممبوڠا-بوڠاءي
membuntelkan,ممبونتيلکن,ممبونتلکن
buntet,بونتيت,بونتت
bunyi-bunyian,بوڽي٢,بوڽي-بوڽين
buraq,بورق,براق
burdah,بورده,بردة
burka,بورک,برقى
buruj,بوروج,بروج
bustan,بوستن,بستان
dibusuk-busukkan,دبوسوق-بوسوقکن,دبوسوق-بوسوکن
butana,بوتان,بوتانا
butarepan,بوتارڤن,بوتارفن
butik,بوتيق,بوتيک
cabang-bercabang,چابڠ٢,چابڠ-برچابڠ
mencadai,منچاداءي,منچاداي
cakalele,چکاليل,چاکاليلي
tercakap,ترچاکڤ,ترچاکق
caklempong,چکليمڤوڠ,چقليمڤوڠ
cakna,چکنا,چقنا
cakruk,چکروق,چاکروق
caktai,چکتاي,چقتاي
calabikang,چلابيقڠ,چلابيکڠ
bercalik-calikan,برچاليق-چاليکن,برچاليق-چاليقن
calui,چالوي,چالوءي
cambul,چمبول,چامبول
campa,چامڤا,چمڤا
candelier,چنديليير,چنديليئر
mencangcang,منچاڠچڠ,منچڠچڠ
cangerai,چڠݢراي,چڠراي
cangkal,چاڠکل,چڠکل
cangkat,چاڠکت,چڠکت
cangking,چڠکيڠ,چاڠکيڠ
cangkingan,چڠکيڠن,چاڠکيڠن
cangku,چاڠکو,چڠکو
dicangkul,دچاڠکول,دچڠکول
mencangkul,منچاڠکول,منچڠکول
tercangkul,ترچاڠکول,ترچڠکول
mencangkum,منچاڠکوم,منچڠکوم
mencangkup,منچاڠکوڤ,منچڠکوڤ
cangkur,چاڠکور,چڠکور
canigara,چانيݢارا,چنيݢارا
cantel,چنتل,چنتيل
cantelan,چنتلن,چنتيلن
cantung,چنتوڠ,چانتوڠ
capati,چاڤتي,چڤاتي
caperon,چڤرون,چاڤرون
capgome,چاڤݢومي,چڤݢومي
caran,چرن,چارن
bercaran,برچرن,برچارن
carik-serenyih,چاريق٢,چاريق-سرڽيه
cartisme,چرتيسمى,چرتسمى
dicebak,دچيبق,دچبق
cebik-cebai,چبيق٢,چبيق-چباي
cecakup,چچاکوڤ,چچکوڤ
cecar,چچر,چچار
mencecar,منچچر,منچچار
cegak,چݢق,چيݢق
cekatan,چکتن,چکاتن
kecekatan,کچکتن,کچکاتن
mempercekcokan,ممڤرچيقچوقن,ممڤرچيقچوقکن
cekel,چيکيل,چکل
dicela,دچيلا,دچلا
cela,چلا,چيلا
celabikang,چلابيقڠ,چلابيکڠ
celak,چلق,چيلق
bercelak,برچلق,برچيلق
mencelak,منچلق,منچيلق
tercelak,ترچلق,ترچيلق
mencelakai,منچلاکاي,منچلاکاءي
celat,چلت,چلات
mencelat,منچلت,منچلات
celek,چيليق,چلق
tercelek,ترچيليق,ترچلق
celengap,چلڠڤ,چلڠق
tercelengap,ترچلڠڤ,ترچلڠق
celiki,چليقي,چليکي
celorong-celoreng,چلوروڠ٢,چلوروڠ-چلوريڠ
celsius,چيلسيوس,سيلسيوس
celum-celam,چلوم٢,چلوم-چلم
celung-celang,چلوڠ٢,چلوڠ-چلڠ
celus-celas,چلوس٢,چلوس-چلس
cemeeh,چمييه,چميئيه
cemekian,چمکين,چمکيان
cememar,چممر,چيميمر
cememar,چممر,چميمر
cememis,چمميس,چميميس
cemendari,چمندري,چمنداري
cemengkian,چمڠکين,چمڠکيان
cempo,چيمڤو,چمڤو
cena,چنا,چينا
kecenaan,کچناءن,کچيناءن
cendangan,چندڠن,چنداڠن
cenela,چنلا,چنيلا
bercenggang,برچيڠݢڠ,برچڠݢڠ
cengkau,چڠکاو,چيڠکاو
cengkelong,چڠکيلوڠ,چڠکلوڠ
mencengkelong,منچيڠکيلوڠ,منچڠکلوڠ
cengki,چڠکي,چيڠکي
cengkok-beledok,چيڠکوق٢,چيڠکوق-بليدوق
cengkung-cengking,چڠکوڠ٢,چڠکوڠ-چڠکيڠ
cenggung,چڠݢوڠ,چڠݢ-وڠ
centang,چنتڠ,چينتڠ
mencentang,منچنتڠ,منچينتڠ
centang-perenang,چنتڠ-ڤرنڠ,چينتڠ-ڤرينڠ
centet,چينتيت,چنتيت
ceplok,چيڤلوق,چڤلوق
cerakan,چرقن,چراکن
cerancang,چرانچڠ,چرنچڠ
bercerancangan,برچرانچڠن,برچرنچڠن
berceratukan,برچراتوکن,برچراتوقن
mencercai,منچرچاي,منچرچاءي
mencercap,منچرچڤ,منچرڤ
ceri,چري,چيري
cerpenis,چرڤنيس,چرڤينيس
cerung-cerang,چروڠ٢,چروڠ-چرڠ
cetak,چتق,چيتق
cetakan,چتقن,چيتقن
ceterisparibus,چتريسڤاريبوس,سيتريسڤاريبوس
champagne,شمڤݢن,شيمڤين
dicintai,دچينتاي,دچينتاءي
mencintai,منچينتاي,منچينتاءي
cognac,چوݢناچ,کونياک
cola-cala,چولا٢,چولا-چالا
pengecoran,ڤڠيچورن,ڤڠچورن
coreng-moreng,چوريڠ٢,چوريڠ-موريڠ
dicukai,دچوکاءي,دچوکاي
mencukai,منچوکاءي,منچوکاي
bercuki,برچوقي,برچوکي
cutel,چوتيل,چوتل
dab,دب,ضب
dabat,دابت,دابة
dabbatulardi,دبةالردي,دابةارض
dad,داد,ضاد
dafah,دفاح,دفعة
berdaham,بردهم,برداهم
sedahan,سدهن,سداهن
dai,داي,داعي
kedaifan,کدعيفن,کضعيفن
daiman,داءيمن,دايمن
daisi,داءيسي,دايسي
dajal,داجل,دجال
mendajali,مندجلي,مندجالي
dak,دق,دک
sependakap,سڤنداکڤ,سڤندکڤ
daksina,دکسينا,دقسينا
dalalat,دلالت,ضلالة
memperdamai,ممڤرداماءي,ممڤرداماي
dambar,دمبر,دمبار
dammah,دمه,ضمة
dan,دن,دان
dana,دان,دانا
danawa,داناوا,دناوا
terdangka-dangka,تردڠک-دڠک,تردڠکا-دڠک
dangkal,داڠکل,دڠکل
berdangkung,بردڠکوڠ,برداڠکوڠ
mendangkung,مندڠکوڠ,منداڠکوڠ
dansing,دانسيڠ,دنسيڠ
dar,در,دار
darab,درب,ضرب
didarabkan,ددربکن,دضربکن
pendarab,ڤندرب,ڤنضرب
pendaraban,ڤندربن,ڤنضربن
darat-darau,دارت٢,دارت-داراو
daripada,درڤدا,درڤد
darmabakti,درمبقتي,درمابقتي
darularqam,دارالرکم,داراعرقم
darulharbi,دارالحربي,دارالحرب
darulislam,دارااصلام,دارااسلام
darun,درون,دارون
darurat,درورت,ضرورة
daruri,دروري,ضروري
darussalam,داراسلالم,دارالسلام
data,دات,داتا
dato,داتو,داتوء
datuk,داتوء,داتوق
daulah,داوله,دولة
daun-daunan,داءون٢,داءون-داءونن
daur,داءور,داءرو
mendawai,منداواءي,منداواي
mendaya,منداي,مندايا
debab,دبب,ديبب
mendebarkan,منديبرکن,مندبرکن
debat,دبت,ديبت
berdebat,بردبت,برديبت
berdebat-debatan,بردبت-ديبتن,برديبت-ديبتن
debentur,ديبنتور,ديبينتور
mendebik,منديبيق,مندبيق
debut,دبوت,ديبوت
decak,دچق,ديچق
dedari,ددري,دداري
dedek,ديديق,ددق
dedeman,ددمن,دديمن
mendeduksikan,منديدوقسيکن,منديدوکسيکن
degap-degup,دݢڤ٢,دݢڤ-دݢوڤ
degradasi,دݢراداسي,ديݢراداسي
degum-degam,دݢوم٢,دݢوم-دݢم
dehem,ديهيم,دهيم
dek,ديق,ديک
deka,ديک,ديکا
dekan,دکن,ديکن
dekret,ديکريت,دکريت
delegat,دلݢت,ديلݢت
deler,ديلير,دلير
delinkuen,ديلينکوءن,ديلينکوئن
demen,دمين,دمن
dempek,دمڤق,ديمڤيق
denah,دنه,دينه
mendenda,منديندا,مندندا
dendang,ديندڠ,دندڠ
dengar-dengaran,دڠر٢,دڠر-دڠرن
diperdengarkan,دڤردڠکن,دڤردڠرکن
memperdengarkan,ممڤردڠکن,ممڤردڠرکن
denggi,دڠݢي,ديڠݢي
dengkang,ديڠکڠ,دڠکڠ
berdengkang-dengkang,برديڠکڠ-ديڠکڠ,بردڠکڠ-دڠکڠ
dengki-mendengki,دڠکي٢,دڠکي-مندڠکي
dentin,دنتين,دينتين
dentur,دنتور,دينتور
depa,دڤا,ديڤا
mendepositkan,مندڤوسيتکن,منديڤوسيتکن
menderai,مندراي,مندراءي
derahan,درهن,دراهن
derajat,دراجت,درجت
deram-derum,درم٢,درم-دروم
mendereti,مندرتي,منديريتي
derik,دريق,ديريق
kedesaan,کدساءن,کديساءن
mendesa,مندسا,منديسا
desawan,دساون,ديساون
desibel,دسيبل,ديسيبل
detente,ديتينتي,ديتنتى
devian,ديۏين,ديۏيان
dewana,ديوان,ديوانا
diabetes,ديبيتيس,ديابيتيس
diagram,داݢرم,دياݢرم
diakoni,داکوني,دياکوني
dialek,دياليق,دياليک
didiami,ددعامي,دديامي
diarea,داريا,دياريا
diaspora,داسڤورا,دياسڤورا
diastole,داستولي,دياستولي
mendiatkan,مندياتکن,منديتکن
diayah,دايه,دعايه
dibaja,دباج,ديباج
didaktik,ددقتيک,ديدکتيک
didal,ددل,ديدل
didih,دديه,ديديه
didong,ددوڠ,ديدوڠ
diesel,دايسيل,ديسيل
berdiet,بردييت,برديئت
dietetik,دايتيتيک,ديئيتيتيک
dif,ديف,ضيف
difusi,دفوسي,ديفوسي
digit,دݢيت,ديݢيت
digital,دݢيتل,ديݢيتل
diglosia,دݢلوسيا,ديݢلوسيا
digniti,دݢنيتي,ديݢنيتي
digraf,دݢرف,ديݢرف
dikara,دکارا,ديکارا
dikau,دکاو,ديکاو
dikir,دکير,ديکير
dikit,دکيت,ديکيت
diko,دکو,ديکو
dikotiledon,دکوتيليدون,ديکوتيليدون
dikotomi,دکوتومي,ديکوتومي
dikri,دکري,ديکري
dila,دلا,ديلا
dilah,دله,ديله
dilam,دلم,ديلم
dilema,دليما,ديليما
dimsum,دمسوم,ديمسوم
dimensi,دمينسي,ديمينسي
dimiti,دميتي,ديميتي
dinamik,دناميق,ديناميک
mendinamikkan,منديناميقکن,منديناميککن
dinamis,دناميس,ديناميس
dinamo,دنامو,دينامو
dinas,دنص,دينس
dinasti,دنستي,دينستي
dines,دينيس,دينس
dinihari,دنيهاري,دينيهاري
dinosaur,دنوساءور,دينوساءور
dioksida,داوکسيدا,ديوکسيدا
diorama,داوراما,ديوراما
dipan,دڤن,ديڤن
dipati,دڤاتي,ديڤاتي
diploma,دڤلوما,ديڤلوما
diplomat,دڤلومت,ديڤلومت
diplomatik,دڤلوماتيک,ديڤلوماتيک
dipsomania,دڤسومانيا,ديڤسومانيا
direktorat,دريکتورت,ديريکتورت
dirgahayu,درݢهايو,ديرݢاهايو
disakarida,دساکريدا,ديساکاريدا
diseksi,دسيکسي,ديسيکسي
disenteri,دسينتري,ديسينتري
disertasi,دسرتاسي,ديسرتاسي
disimilasi,دسيميلاسي,ديسيميلاسي
disinfeksi,ديسينفيکسي,ديسئينفيکسي
disinfektan,دسينفيکتن,ديسئينفيکتن
disinflasi,دسينفلاسي,ديسئينفلاسي
disiplin,دسيڤلين,ديسيڤلين
diskaun,دسکاءون,ديسکاءون
disket,دسکيت,ديسکيت
diskriminatif,دسکريميناتيف,ديسکريميناتيف
diskus,دسکوس,ديسکوس
diskusi,دسکوسي,ديسکوسي
dislalia,دسلاليا,ديسلاليا
disopia,دسوڤيا,ديسوڤيا
disorientasi,دسوريئينتاسي,ديسئوريئينتاسي
dispareunia,دسڤاريونيا,ديسڤاريونيا
dispensari,دسڤينسري,ديسڤينساري
distingtif,دستيڠتيف,ديستيڠتيف
distribusi,دستريبوسي,ديستريبوسي
distrik,دستريک,ديستريک
disulfida,دسولفيدا,ديسولفيدا
disuria,دسوريا,ديسوريا
ditto,دتو,ديتو
diuresis,داوريسيس,ديوريسيس
diuretik,داورتيق,ديوريتيک
diurnal,داورنل,ديورنل
diva,دۏا,ديۏا
diversifikasi,دۏرسيفيکاسي,ديۏرسيفيکاسي
diversiti,دۏرسيتي,ديۏرسيتي
dividen,دۏيدين,ديۏيدن
divisyen,دۏيشن,ديۏيشن
doili,دوءيلي,دويلي
dokumentasi,دوکومينتاسي,دوکومنتاسي
mendokumentasikan,مندوکومنتاسيکن,مندکومنتاسيکن
dolak-dalik,دولق٢,دولق-داليق
mengedor,مڠيدور,مڠدور
doyan,دوين,دويان
doyen,دويين,دوين
dramaturgi,دراماتوري,دراماتورݢي
dualapan,دوالڤن,دوالاڤن
dubes,دوبيس,دوبس
menduga-duga,مندوݢ-دوݢ,مندوݢا-دوݢ
terduga-duga,تردوݢ-دوݢ,تردوݢا-دوݢ
duha,دحى,ضحى
berdulang-dulang,بردولڠ٢,بردولڠ-دولڠ
dulapan,دولڤن,دولاڤن
dungari,دوڠري,دوڠاري
duodenum,دوودنوم,دوودينوم
durat,دورت,درة
dures,دوريس,دورس
duriat,دوريت,دورية
dwibudaya,دويبوداي,دويبودايا
dwilambang,دويلمبڠ,دويلامبڠ
dwisyarat,دويشرت,دويشرط
edah,ايده,عده
edema,ايديما,ايدما
edik,ايديق,ايديک
egah,اݢه,ايݢه
mengegah,مڠݢه,مڠيݢه
egerang,اݢرڠ,ايݢرڠ
ekahala,ايکهالا,ايکاهالا
terekeh-ekeh,تريکيه-ايکيه,ترايکيه-ايکيه
berekonomikan,برايکونوميکن,برايکونيميکن
eksperimentalis,ايکسڤيرينتاليس,ايکسڤيريمنتاليس
pengeksploitasian,ڤڠيکسڤلوءيتاسين,مڠيکسڤلوءيتاسين
pengekstrakan,ڤڠيکستراکن,ڤڠيکسترکن
ekstralinguistik,ايکستراليڠوءيستيک,ايکستراليڠݢوءيستيک
berela-ela,بريلا٢,برايلا-ايلا
mengelak,مڠلق,مڠيلق
mengelakkan,مڠلقکن,مڠيلقکن
pengelak,ڤڠلق,ڤڠيلق
pengelakan,ڤڠلقن,ڤڠيلقن
elang,ايلڠ,الڠ
keelastikan,کالستيکن,کايلستيکن
mengelat,مڠلت,مڠيلت
pengelat,ڤڠلت,ڤڠيلت
elektroensefalograf,ايليکتروءنسيفالوݢرف,ايليکتروءينسيفالوݢرف
elektroensefalogram,ايليکتروءيسيلوݢرم,ايليکتروءينسيفالوݢرم
elektroterapeutik,ايليکتروتراڤيوتيک,ايليکتروتيراڤيوتيک
elit,اليت,ايليت
seelok-elok,سايلوق٢,سايلوق-ايلوق
mengelon,مڠلون,مڠيلون
mengeloni,مڠلوني,مڠيلوني
peremasan,ڤرمسن,ڤرامسن
mengembek,مڠيمبيق,مڠمبيق
embek,امبيق,ايمبيق
embel,امبل,ايمبيل
embel-embel,ايمبيل-ايمبيل,ايمبيل٢
mengembel-embeli,مڠيمبيل-ايمبلي,مڠيمبيل-ايمبيلي
terembut-embut,ترمبوت-امبوت,ترامبوت-امبوت
emeritus,ايمريتوس,ايميريتوس
emfisema,ايمفيسما,ايمفيسيما
beremosi,بريموسي,برايموسي
empang-empang,امڤڠ-ايمڤڠ,امڤڠ٢
mengempar,مڠمڤر,مڠيمڤر
empati,امڤاتي,ايمڤاتي
empayar,امڤاير,ايمڤاير
berempayar,برامڤاير,برايمڤاير
empek-empek,ايمڤيق-ايمڤيق,امڤيق٢
mengempek,مڠيمڤيق,مڠمڤيق
empenak,امڤنق,امڤينق
mengempenak,مڠمڤنق,مڠمڤينق
memperemping,ممڤرمڤيڠ,ممڤرامڤيڠ
empirik,ايمڤيريق,ايمڤيريک
empirisime,ايمڤيريسيمى,ايمڤيريسيسمى
empunya,امڤوڽ,امڤوڽا
emsi,امسي,ايمسي
pengemulsi,ڤڠيمولسي,ڤڠايمولسي
pengemulsian,ڤڠيمولسين,ڤڠايمولسين
en,اين,ين
mengenakkan,مڠنقکن,مڠينقکن
seperenam,سڤرنم,سڤرانم
encal-encal,انچل-انچل,انچل٢
memperencik,ممڤرنچيق,ممڤرانچيق
enda-semenda,ايندا-سمندا,اندا-سمندا
endah,انده,اينده
mengendahkan,مڠندهکن,مڠيندهکن
pengendahan,ڤڠندهن,ڤڠيندهن
endas,اندس,انداس
endemik,ايندميق,اينديميک
enek,اينيق,انق
enes,اينيس,انس
mengenes,مڠينيس,مڠنس
mengeneskan,مڠينيسکن,مڠنسکن
mengengah-engah,مڠيڠه-اڠه,مڠڠه-اڠه
engap-engapan,اڠڤ٢,اڠڤ-اڠڤن
mengenggankan,مڠيڠݢنکن,مڠڠݢنکن
enggang,ايڠݢڠ,اڠݢڠ
enggeh,ايڠݢيه,اڠݢيه
berenggilan,برڠݢيلن,براڠݢيلن
engkerurai,اڠکروراي,ايڠکروراي
terengkil,ترڠکيل,تراڠکيل
berengsel,بريڠسيل,برايڠسيل
enjin,انجين,اينجين
enjot,اينجوت,انجوت
terenjut-enjut,ترنجوت-انجوت,ترانجوت-انجوت
enkerabab,اينکرابب,اينکراباب
entah-entah,انته-انته,انته٢
entiti,انتيتي,اينتيتي
entomologi,اينتومولوݢي,اينتيمولوݢي
entong,اينتوڠ,انتوڠ
entriisme,اينتريئسمى,اينتريئيسمى
epal,اڤل,ايڤل
epik,ايڤيق,ايڤيک
erang,ارڠ,ايرڠ
dipererat,دڤررت,دڤرارت
erau,اراو,ايراو
mengerau,مڠراو,مڠيراو
erg,ارݢ,ايرݢ
erotik,اروتيک,ايروتيک
erpah,ارڤه,ايرڤه
keberertian,کبررتين,کبرارتين
esa,ايسا,اسا
beresa-esaan,برايسا-اساءن,براسا-اساءن
esak,اسق,ايسق
esakan,اسقن,ايسقن
mengesak,مڠسق,مڠيسق
espritdecorps,ايسڤريديکورڤس,ايسڤريدکو
etnogeni,ايتنوݢيني,ايتنوݢني
eufemisme,اييوفيميسمى,اييوفميسمى
evasif,ۏۏاسيف,ايۏاسيف
berevolusi,بريۏولوسي,برايۏولوسي
exgratia,ايکسراتيا,ايکسݢراشيا
exofficio,ايکسوففيچيو,ايکساوفيشيو
fabel,فبل,فابل
fadilat,فضيلت,فضيلة
fagosit,فݢوسيت,فاݢوسيت
faharasat,فهراست,فهرست
fahrenheit,فهرنهييت,فهرنهاءيت
fajirah,فجرة,فاجرة
fakir,فکير,فقير
kefakiran,کفاکيرن,کفقيرن
fakultas,فکولتس,فاکولتس
fakultatif,فکولتاتيف,فاکولتاتيف
fakulti,فکولتي,فاکولتي
falah,فله,فلاح
falak,فلق,فلک
famili,فميلي,فاميلي
fana,فنا,فناء
kefanaan,کفاناءن,کفناءن
memfanakan,ممفاناکن,ممفناءکن
fanatik,فناتيک,فاناتيک
fani,فني,فاني
farad,فرد,فارد
faraid,فرعيد,فرائض
fardu,فردو,فرض
memfardukan,ممڤردوکن,ممڤرضوکن
faring,فريڠ,فاريڠ
faringitis,فريڠيتيس,فاريڠيتيس
farinks,فرينکس,فارينکس
fariq,فريق,فارق
farmakopeia,فرماکوڤيا,فرماکوڤييا
fasa,فاس,فاسا
fasih,فسيح,فصيح
kefasihan,کفاسيهن,کفصيحن
memfasihkan,ممفسيحکن,ممفصيحکن
memfasiqkan,ممفاسيقکن,ممفاسقکن
fatal,فطل,فاتل
fatan,فتن,فطن
fatanah,فتانه,فطانة
fatimah,فتيمة,فاتيمه
fatir,فاتير,فطير
fatur,فتور,فاتور
fauna,فونا,فاونا
feminin,فمينين,فيمينين
fengsyui,فيڠشوي,فڠسوي
fibril,فبرل,فيبريل
fidah,فدة,فضة
fidzah,فدة,فضة
fiesta,فيئستا,فيئيستا
memfiksyenkan,ممفيکنکن,ممفيکشنکن
fir,فر,فير
berfirasat,برفراست,برفراسة
firaun,فراءون,فرعون
firma,فرما,فيرما
fisiognomi,فيسيوݢنومي,فيسوݢنومي
fisiologi,فيسيولوݢي,فيسولوݢي
fitnah-memfitnah,فتنه-ممفيتهه,فتنه-ممفتنه
berfitrah,برفتره,برفطره
memfitrahkan,ممفترهکن,ممفطرهکن
fizik,فيزيق,فيزيک
flanelet,فلانلت,فلانيليت
floem,فلوءم,فلوئم
fomes,فوميس,فومس
memformalkan,ممفرملکن,ممفورملکن
fomalis,فوماليس,فورماليس
diformatkan,دفرمتکن,دفورمتکن
memformatkan,ممفرمتکن,ممفورمتکن
pemformatan,ڤمفرمتن,ڤمفورمتن
formulasi,فورمولاسي,فورمالاسي
forwad,فورواد,فورود
fotopeka,فوتوڤيکا,فوتوفيکا
fototerapi,فوتوتيراڤي,فوتوتراڤي
franc,فرن,فرڠک
frankfurter,فرنفکورتر,فرنکفورتر
berfrekuensi,برفريکوءنسي,برفريکوئنسي
fundamental,فوندامينتل,فوندامينتال
fungus,فوڠوس,فوڠݢوس
furqan,فرقن,فرقان
furuk,فروق,فروع
futsal,فطسل,فوتسل
menggabai,مڠݢاباءي,مڠݢاباي
garbadin,ݢربادين,ݢابردين
gabra,ݢبرا,ݢابرا
gadapan,ݢادڤن,ݢداڤن
gaham,ݢهم,ݢاهم
mengajikan,مڠاجيکن,مڠݢاجيکن
galanggasi,ݢالڠݢاسي,ݢال-ڠ-ݢاسي
galengan,ݢاليڠن,ݢالڠن
gama,ݢام,ݢاما
gambut,ݢمبوت,ݢامبوت
gamer,ݢامير,ݢامر
gampar,ݢمڤر,ݢامڤر
gamparan,ݢمڤرن,ݢامڤرن
menggampar,مڠݢمڤر,مڠݢامڤر
gancang,ݢانچڠ,ݢنچڠ
gancaran,ݢنچرن,ݢنچارن
menggandam,مڠݢاندم,مڠݢندم
menggandar,مڠݢاندر,مڠݢندر
gandariah,ݢندريه,ݢندارياه
ganding,ݢنديڠ,ݢانديڠ
gandingan,ݢنديڠن,ݢانديڠن
seganding,سݢنديڠ,سݢانديڠ
menggandul,مڠݢاندول,مڠݢندول
bergandung,برݢاندوڠ,برݢندوڠ
menggandung,مڠݢاندوڠ,مڠݢندوڠ
ganggang,ݢڠݢڠ,ݢاڠݢڠ
ganggangan,ݢڠݢڠن,ݢاڠݢڠن
berganggang,برݢڠݢڠ,برݢاڠݢڠ
mengganggang,مڠݢڠݢڠ,مڠݢاڠݢڠ
mengganggangkan,مڠݢڠݢڠکن,مڠݢاڠݢڠکن
terganggang,ترݢاڠݢڠ,ترݢاڠکڠ
ganjak,ݢنجق,ݢانجق
diganjak,دݢنجق,دݢانجق
diganjakkan,دݢنجقکن,دݢانجقکن
ganjur,ݢنجور,ݢانجور
berganjur,برݢنجور,برݢانجور
berganjur-ganjur,برݢنجور-ݢانجور,برݢانجور-ݢانجور
mengganjur,مڠݢنجور,مڠݢانجور
mengganjuri,مڠݢنجوري,مڠݢانجوري
bergantang-gantang,برݢنتاڠ-ݢنتڠ,برݢنتاڠ-ݢنتاڠ
menggantang,مڠݢانتڠ,مڠݢنتاڠ
gantar,ݢنتر,ݢانتر
ganteng,ݢنتيڠ,ݢنتڠ
ganting,ݢنتيڠ,ݢانتيڠ
garan,ݢرن,ݢارن
garedeng,ݢاريديڠ,ݢريديڠ
mengaruk,مڠاروق,مڠݢاروق
gastroenterologi,ݢستروءينتيرولوݢي,ݢستروءينترولوݢي
mempergauli,ممڤرݢاولي,ممڤرݢاءولي
gay,ݢيي,ݢيئي
gear,ݢير,ݢيار
gebang,ݢبڠ,ݢيبڠ
geblek,ݢبليق,ݢبلق
gebukan,ݢبوکن,ݢبوقن
mengedik-gedikkan,مڠديق-ݢديقکن,مڠݢديق-ݢديقکن
gegaman,ݢݢمن,ݢݢامن
gegasing,ݢݢاسيڠ,ݢݢسيڠ
gegendang,ݢݢيندڠ,ݢݢندڠ
gegep,ݢݢڤ,ݢيݢيڤ
geisya,ݢييشا,ݢيئيشا
kegelabahan,کݢلابهن,کݢلبهن
gelagapan,ݢلاݢڤن,ݢلاݢاڤن
tergelah-gelak,ترݢله-ݢلق,ترݢلق-ݢلق
menggelang,مڠݢلڠ,مڠ-ݢلڠ
gelang,ݢلڠ,ݢيلڠ
gelatin,ݢلاتين,ݢيلاتين
tergelebar,ترݢليبر,ترݢلبر
gelebar,ݢلبر,ݢليبر
gelebat,ݢلبت,ݢليبت
geleca,ݢليچا,ݢلچا
gelecak,ݢليچق,ݢلچق
geledang,ݢليدڠ,ݢلدڠ
menggeledang,مڠݢليدڠ,مڠݢلدڠ
menggelentar,مڠݢلينتر,مڠݢلنتر
geliang-geliat,ݢلياڠ٢,ݢلياڠ-ݢليات
gelinya,ݢليڽ,ݢليڽا
gelosok-gelusang,ݢلوسوق٢,ݢلوسوق-ݢلوسڠ
menggemai,مڠݢماي,مڠݢماءي
gemang,ݢمڠ,ݢم-ڠ
gemang,ݢمڠ,ݢيمڠ
geminte,ݢمينتي,ݢمينتى
gendak,ݢندق,ݢيندق
gendang,ݢيندڠ,ݢندڠ
bergendang,برݢيندڠ,برݢندڠ
gendeh,ݢينديه,ݢنده
gendeng,ݢينديڠ,ݢندڠ
gendola,ݢيندولا,ݢندولا
gendon,ݢيندون,ݢندون
menggeneralisasikan,مڠݢنراليساسيکن,مڠݢينراليساسيکن
generik,ݢنريق,ݢينريک
genggang,ݢيڠݢڠ,ݢڠݢڠ
tergenggang,ترݢيڠݢڠ,ترݢڠݢڠ
gengsterisme,ݢڠستريسمى,ݢيڠستريسمى
genis,ݢينيس,ݢنيس
genjak,ݢنجق,ݢينجق
gentian,ݢنتين,ݢنتيان
genus,ݢنوس,ݢينوس
geraham,ݢرهم,ݢراهم
geraman,ݢرمن,ݢرامن
geranggang,ݢرڠݢڠ,ݢراڠ-ݢڠ
geranium,ݢرانيوم,ݢيرانيوم
gerantang,ݢرنتڠ,ݢرانتڠ
menggerapak,مڠݢراڤق,مڠݢرافق
geretak,ݢرتق,ݢريتق
menggeretang,مڠݢرتڠ,مڠݢريتڠ
geretuk,ݢرتوق,ݢروتوق
menggergasi,مڠݢرݢسي,مڠݢرݢاسي
geriatrik,ݢرياتريک,ݢيرياتريک
gerigi,ݢريݢي,ݢري-ݢ--ي
geronyot,ݢروڽوت,ݢرڽوت
geropes,ݢروڤيس,ݢروڤس
menggeropes,مڠݢروڤيس,مڠݢروڤس
gertakan,ݢرتاکن,ݢرتقن
gerung-gerang,ݢروڠ٢,ݢروڠ-ݢرڠ
gerunggung,ݢروڠݢوڠ,ݢ-روڠ-ݢوڠ
digesa-gesa,دݢسا٢,دݢسا-ݢسا
penggetang,ڤڠݢتڠ,ڤ-ڠ-ݢتڠ
getek,ݢتيق,ݢيتيق
tergewang-gewang,ترݢواڠ-ݢيواڠ,ترݢيواڠ-ݢيواڠ
ghaflah,غفله,غفلة
ghain,غاءين,غين
ghairah,غيره,غاءيره
ghairat,غيرة,غاءيرة
ghalat,غلة,غلط
mengghalibkan,مڠغليبکن,مڠغاليبکن
ghana,غنا,غناء
ghanimah,غنيمه,غنيمة
gharizah,غريزه,غريزة
ghazal,غزل,غزال
ghulup,غلوڤ,غلف
digaitkan,دݢاءيکن,دݢياتکن
gigahertz,ݢيݢاهرز,ݢيݢاهرتذ
menggilai,مڠݢيلاي,مڠݢيلاءي
gilapan,ݢيلڤن,ݢيلڤکن
gimik,ݢيميق,ݢيميک
ginang-ginang,ݢينڠ-ݢينڠ,ݢينڠ٢
menggingging,مڠݢيڠݢيڠ,مڠ-ݢيڠ-ݢيڠ
gitaris,ݢيتاريس,ݢيتريس
glosem,ݢلوسم,ݢلوسيم
gnu,ݢو,ݢنو
goiter,ݢوءيتر,ݢويتر
go-kart,ݢو٢,ݢو-کرت
mengegolkan,مڠيݢولکن,مڠݢولکن
golang-golek,ݢولڠ٢,ݢولڠ-ݢوليق
kegondokan,کݢوندوقن,ݢوندوقن
mengegongkan,مڠيݢوڠکن,مڠݢوڠکن
bergopoh-gopoh,برݢوڤوه٢,برݢوڤوه-ݢوڤوه
gopoh-mamang,ݢوڤوه-مامڠ,ݢوڤوه-ماماڠ
tergopah-gapah,ترݢوڤه-ݢاڤه,ترݢوڤوه-ݢاڤه
gorden,ݢوردين,ݢوردن
gotong-royong,ݢوتوڠ٢,ݢوتوڠ-رويوڠ
gout,ݢوءت,ݢاءوت
digoyang-goyangkan,دݢويڠ٢,دݢويڠ-ݢويڠکن
gratuiti,ݢراتوءيتي,ݢراتويتي
greget,ݢريݢيت,ݢرݢت
guilder,ݢوءيلير,ݢوءيلدر
menggulai,مڠݢولاي,مڠݢولاءي
gulet,ݢوليت,ݢولت
berguling-guling,برݢوليڠ٢,برݢوليڠ-ݢوليڠ
guling-gantang,ݢوليڠ-ݢانتڠ,ݢوليڠ-ݢنتڠ
bergulung-gulung,برݢولوڠ٢,برݢولوڠ-ݢولوڠ
mengguna-gunai,مڠݢونا-ݢوناي,مڠݢونا-ݢوناءي
menggunai,مڠݢوناي,مڠݢوناءي
gunggung,ݢوڠݢوڠ,ݢوڠ-ݢ-وڠ
guntang-guntang,ݢونتڠ-ݢونتڠ,ݢونتڠ٢
gungung-gunungan,ݢوڠوڠ-ݢونوڠن,ݢونوڠ-ݢونوڠن
guru,ݢورو,ݢورور
haah,حية,هاعه
hab,حب,هب
habeascorpus,هابياسچورڤوس,هابيئسکورڤس
habelur,هبلور,هابلور
terhad,ترهد,ترحد
hadam,حضم,هضم
dihadam,دحضم,دهضم
keterhadaman,کترهدمن,کترهضمن
hadanah,هدانه,هضانه
hadarah,حداره,هضاره
berhadas,برهدث,برحدث
hadhari,حداري,حضاري
hadiah,هدية,هديه
hadirat,حديرة,حاضيرات
berhadis,برهاديس,برحديث
hadrah,حدره,حضره
hadrat,حدرت,حضرة
menghafal,مڠحفل,مڠحافل
penghafal,ڤڠحفل,ڤڠحافل
penghafalan,ڤڠحفلن,ڤڠحافلن
hafbek,هفبيق,هفبيک
haha,هها,هاها
menghairani,مڠهيراني,مڠحيراني
haiwanat,حيوانت,حيوانة
hajam,حجم,حجام
hajarulaswad,حجرالسواد,حجرالاسود
haji,حاجي,حج
haji,حاجي,حاج
hajib,حاجب,حاجيب
mengehaki,مڠيحقي,مڠحقي
mengehakkan,مڠيحقکن,مڠحقکن
hakaik,حکاق,هقائق
hakir,حاکير,حقير
hakis,حاکيس,هاکيس
dihakis,دحاکيس,دهاکيس
hakisan,حقيسن,هاکيسن
menghakiskan,مڠحاکيسکن,مڠهاکيسکن
penghakisan,ڤڠحاکيسن,ڤڠهاکيسن
halai-balai,هالاي٢,هالاي-بالاي
halaju,هلاجو,هالاجو
penghalalan,ڤڠهلالن,ڤڠحلالن
halal-bilhalal,حلالبلالال,حلالبالحلال
menghalaukan,مڠهلاوکن,مڠهالاوکن
haleja,هاليجا,هليجا
halia,هاليا,هليا
halimbubu,هليمبوبو,هاليمبوبو
halipan,هاليڤن,هليڤن
halkah,حلقه,حلقة
halkum,حلکوم,حلقوم
halo,هالو,هلو
halogen,هالوݢن,هالوݢين
berhalus,برهلوس,برهالوس
berhalusinasi,برهلوسيناسي,برهالوسيناسي
halwa,حلوى,حلوا
hamam,حمم,حمام
hambus,همبوس,هامبوس
berhambus,برهمبوس,برهامبوس
menghambus,مڠهمبوس,مڠهامبوس
menghamili,مڠهاميلي,مڠحاميلي
hampas,همڤس,هامڤس
berhampas,برهمڤس,برهامڤس
hamud,حمود,هامود
terhancing,ترهانچيڠ,ترهنچيڠ
handam-karam,هندم٢,هندم-کارم
handasah,هندسه,هندسة
berhantukan,برهنتوکن,برهنتوقن
terharak-harak,ترهرق-هارق,ترهارق-هارق
harakat,هرکة,حرکة
haram,حرم,حرام
mengharamkan,مڠهرامکن,مڠحرامکن
pengharaman,ڤڠهرامن,ڤڠحرامن
harap-harapan,هارڤ٢,هارڤ-هارڤن
hararat,هرارت,حرارة
haras,هارس,حرس
harawan,هراون,هاراون
harib,حريب,هاريب
haris,هاريس,حاريس
harkat,هرکت,هرکة
harmatan,هرمتن,هرماتن
harpsikod,هرڤسيکود,هرپسيکود
haru-biru,هارو٢,هارو-بيرو
haruan,هاروان,هروان
has,حس,هس
hasienda,هاسيندا,هاسييندا
berhasilah,برحاصيله,برحاصيل
hasil-mahsul,حاصيل٢,حاصيل-محصول
terhasrat,ترهسرت,ترحسرت
hasyisy,حاشيش,حشيش
hasyur,حاشور,هاشور
hatta,هتا,حتى
haula,حولا,حول
haur,هور,حور
hauri,هوري,حوري
haus,هوس,هاءوس
hausalah,حوصله,حوصلة
hauskot,هوسکوت,هاوسکوت
hawa,حواء,هاوا
hawar,حور,هاور
hawar-hawar,حور٢,هاور٢
hawiah,حوية,هاوية
menghayati,مڠهياتي,مڠحياتي
penghayat,ڤڠحيت,ڤڠحيات
penghayatan,ڤڠهيتن,ڤڠحياتن
heban,هيبن,هيبان
heifer,هيفر,هيئيفر
heksana,هيکسان,هکسان
berhelah,برهيله,برحيله
menghelah,مڠهيله,مڠحيله
menghelahkan,مڠهيلهکن,مڠحيلهکن
heliks,هليکس,هيليکس
hemlok,هيملوق,هيمولوک
hendal,هندل,هيندل
menghenggung,مڠهڠݢوڠ,مڠه-ڠ-ݢوڠ
heptatlon,هيڤتتلون,هيڤتاتلون
hering,هريڠ,هيريڠ
hermafrodit,هرمافروديت,هيرمافروديت
heroin,هروءين,هيروءين
herot-berot,هيروت٢,هيروت-بيروت
hibbah,هبة,هيبه
hidrat,هدرة,هيدرت
berhierarki,برهيرري,برهيررکي
hifa,حفا,هيفا
hi-fi,هي٢,هاي-فاي
hijrah,هجره,هجرة
hilang-pintang,هيلڠ٢,هيلڠ-ڤينتڠ
himar,حيمر,حمار
himen,هيمين,هيمن
hina-lata,هينا-لات,هينا-لاتا
sehinggakan,سهيڠݢقن,سهيڠݢاکن
hiperaktif,هيڤرکتيف,هيڤراکتيف
kehiperaktifan,کهيڤرکتيفن,کهيڤراکتيفن
hipokrit,هيڤوقريت,هيڤوکريت
hiragana,هيراݢان,هيراݢانا
hiru-biru,هيرو٢,هيرو-بيرو
histeria,هيستريا,هيستيريا
hitam-legam,هيتم٢,هيتم-لݢم
hiyayat,حيايت,حياية
holofrasa,هولوفراس,هولوفراسا
homogen,هوموݢن,هوموݢين
mengehon,مڠيهون,مڠهون
terhormat,ترحرمت,ترهرمت
hosieri,هوسيري,هوسيئري
hua,هوا,هو
hubah,هوبه,حبه
hububan,هوبوبن,هبوبن
hudhud,هودهد,هودهود
hudud,هودود,حدود
hujah,حجه,هوجه
hujjatulislam,حجةالسمالم,حجةااسلام
hukah,حکه,هوقه
hukama,حکام,حکماء
hukka,حوکک,حوککا
hukum-hakam,حکوم٢,حکوم-حکام
humektan,هوميقتن,هوميکتن
hut,هوت,حوت
hutang-piutang,هوتڠ٢,هوتڠ-ڤيوتڠ
ia,اي,ايا
beria-ia,بريا-اي,برايا-ايا
iaitu,اياءيتو,ياءيت
iau,اياو,ايياو
mengiau,مڠياو,مڠيياو
ibadah,عباده,عبادة
beribadah,برعباده,برعبادة
beribadat,برعبادت,برعبادة
diibaratkan,دايبارتکن,دعبارتکن
mengibaratkan,مڠيبرتکن,مڠعبارتکن
ibni,ابني,ابن
ibnu,ابنو,ابن
peribuan,ڤريبوان,ڤرايبوان
beridah,برايده,برعدة
idah,عدة,ايده
idam,ايدم,ايدام
idam-idaman,ايدم-ايدمن,ايدام-ايدامن
mengidam,مڠيدم,مڠيدام
mengidam-idami,مڠيدم-ايدامي,مڠيدام-ايدامي
pengidam,ڤڠيدم,ڤڠيدام
ifadah,افاده,افاضة
ifrit,افرت,عفريت
iftar,افتر,افطار
iftitah,افتته,افتتاح
igama,ايݢام,اݢام
terigau,تريݢاو,ترايݢاو
terigau-igau,تريݢاو-ايݢاو,ترايݢاو-ايݢاو
mengihtimalkan,مڠيهتيملکن,مڠيحتمالکن
ijab,اجاب,ايجاب
mengijmakkan,مڠيجمعکن,مڠيجماعکن
perikanan,ڤريکنن,ڤرايکنن
keterikatan,کتريکتن,کترايکتن
ikhfak,اخفاق,اخفاء
mengikhlaskan,مڠيخلاسکن,مڠيخلاصکن
ikhtisar,اختصر,اختصار
mengikhtisarkan,مڠيختيسرکن,مڠيختصارکن
mengikhtisaskan,مڠيختصاسکن,مڠيختصاصکن
ikrab,اقرب,اعرب
mengikrarkan,مڠيقراکن,مڠيقرارکن
iktibar,اقتبار,اعتبار
iktikaf,اعتقاف,اعتکاف
beriktikaf,براعتقاف,براعتکاف
iktisab,اقتساب,اکتساب
memperikut,ممڤريکوت,ممڤرايکوت
memperikutkan,ممڤريکوتکن,ممڤرايکوتکن
ilak,الق,ايلق
ilat,ايلت,علة
ilmiah,علمية,علميه
imaginatif,اماݢيناتيف,ايماݢيناتيف
imak,امق,ايمق
imalat,امالت,امالة
imamat,امامت,امامة
imarah,اماره,عماره
mengimarahkan,مڠيمارهکن,مڠعمارهکن
memperimbangkan,ممڤريمبڠکن,ممڤرايمبڠکن
terimbau,تريمباو,ترايمباو
mengimkan,مڠيمکن,مڠيمکان
imlak,املاق,املاء
mengimlakkan,مڠيملاقکن,مڠيملاءکن
imlek,املق,ايمليق
impak,ايمڤق,ايمڤک
imperatif,ايمڤراتيف,ايمڤيراتيف
imsak,امساق,امساک
imtihan,امتهن,امتحان
imunoterapi,ايمونوتراڤي,ايمونوتيراڤي
inabat,عنابة,اينابة
diperindah,دڤرينده,دڤراينده
pengindeksan,ڤڠينديقسن,ڤڠينديکسن
indemniti,ايندمنيتي,اينديمنيتي
indentur,ايندنتور,ايندينتور
inderaloka,ايدرالوک,ايندرالوک
keindividuan,کايديۏيدوان,کاينديۏيدوان
individual,ايديۏيدوال,اينديۏيدوال
keindividualan,کايديۏيدوالن,کاينديۏيدوالن
individualis,ايديۏيدواليس,ايديۏودواليس
individualisme,ايديۏيدواليسمى,اينديۏيدواليسمى
individualistik,ايديۏيدواليستيک,اينديۏيدواليستيک
individualiti,ايديۏيدواليتي,اينديۏيدواليتي
perinduk,ڤريندوق,ڤرايندوق
seperinduk,سڤريندوق,سڤرايندوق
perindustrian,ڤريندوسترين,ڤرايندوسترين
menginfakkan,مڠينفقکن,مڠينفاقکن
infraneritik,اينفرانريتيک,اينفرانيريتيک
infrastruktur,اينفراسروکتور,اينفراستروکتور
peringatan,ڤريڠتن,ڤرايڠتن
berkeinginan,برکيڠينن,برکايڠينن
memperingin,ممڤريڠين,ممڤرايڠين
memperingini,ممڤريڠيني,ممڤرايڠيني
ini,ايني,اين
injek,اينجيق,اينجيک
menginjek,مڠينجيق,مڠينجيک
injil,اينجيل,انجيل
injili,اينجيلي,انجيلي
injunksi,اينجوڠکي,اينجوڠسي
insan,اينسن,انسان
keinsanan,کاينسنن,کانسانن
insaniah,انسانيه,انسانية
insanulkamil,انصنالکمل,انسانالکامل
insidental,اينسيدنتل,اينسيدينتل
insinyur,اينسينور,اينسينيور
instrumental,اينسترومنتل,اينسترومينتل
insya-allah,انشاله,انشاءالله
intaran,اينترن,اينتارن
integral,اينتݢرل,اينتيݢرل
mengintelekkan,مڠينتليقکن,مڠينتليککن
mengintelektualan,مڠينتليکتوالن,مڠينتليکتوالکن
inteligensia,اينتليݢينسيا,اينتيليݢينسيا
interlingua,اينترليڠݢوا,اينترليڠ-ݢوا
intifadah,انتفاده,انتفاضه
intiha,اينتها,انتهاء
intikad,انتقد,انتقاد
intraotot,اينتراوتوت,اينتراءوتوت
introversi,اينتروۏرسي,اينترۏرسي
inulangan,اينولڠن,اينولاڠن
ipukan,ايڤوکن,ايڤوقن
iqlab,اقلب,اقلاب
irab,اراب,اعراب
iradah,اراده,ارادة
iradat,ارادت,ارادة
berirama,براراما,برايراما
mengiras-irasi,مڠيرس-ايراسي,مڠيرس-ايرسي
iseng,ايسيڠ,ايسڠ
iseng-iseng,ايسيڠ٢,ايسڠ٢
isian,ايسيان,ايسين
perisian,ڤريسين,ڤرايسين
terisi,تريسي,ترايسي
isim,ايسيم,اسم
islah,اصله,اصلاح
isoprena,ايسوڤرينا,ايسوڤرنا
diperisterikan,دڤريستريکن,دڤرايستريکن
memperisteri,ممڤريستري,ممڤرايستري
memperisterikan,ممڤريستريکن,ممڤرايستريکن
mengistikmalkan,مڠيستقمالکن,مڠيستعمالکن
peristilahan,ڤريستيلهن,ڤرايستيلهن
istima,استماء,استماع
teristimewa,تريستيميوا,ترايستيميوا
istinbat,استنبات,استنباط
beristiqamah,براستقامه,براستقامة
istirahat,استراهت,استراهة
beristirahat,براستراهت,براستراهة
istislam,استثلام,استسلام
isyak,اشق,عشاء
isyarat,عشارة,اشارت
terisyaratkan,ترايشارتکن,تراشارتکن
terisytihar,ترايشتيهار,ترايشتهار
mengitalikkan,مڠيتاليقکن,مڠيتاليککن
item,ايتم,اءيتم
ithar,اءاثر,ايثار
itlak,اطلق,اطلاق
itlakkan,اطلقکن,اطلاقکن
keitlakkan,کايتلقکن,کاطلاقکن
mengitlakkan,مڠيطلقکن,مڠيطلاقکن
pengitlakan,ڤڠيطلقن,ڤڠيطلاقن
itu,ايتو,ايت
iyal,ايل,عيال
izhar,اظهر,اظهار
perizinan,ڤريذينن,ڤرايذينن
jabar,جبر,جابر
berjaga-jaga,برجاݢ-جاݢ,برجاݢا-جاݢ
kejaga-jagaan,کجاݢ-جاݢاءن,کجاݢا-جاݢاءن
jah,جه,جاه
jahe,جهي,جاهي
menjahilan,منجاهيلن,منجاهيلکن
jahiliah,جاهيليه,جاهيلية
jalad,جلد,جلاد
jalad,جلد,جالد
jalak,جلق,جالق
jalalah,جلاله,جلالة
jalalat,جلالت,جلالة
berjalan-jalan,برجالن٢,برجالن-جالن
jalia,جاليا,جليا
jalibut,جاليبوت,جليبوت
jalis,جاليس,جليس
jama,جام,جاما
jamaah,جمعة,جماعه
berjamaah,برجمعه,برجماعه
penjamahan,ڤنجمهن,ڤنجامهن
jamba,جمبا,جامبا
jambak,جمبق,جامبق
berjambak-jambak,برجمبق-جمبق,برجامبق-جامبق
sejambak,سجمبق,سجامبق
jambelang,جمبلڠ,جمبيلڠ
jambian,جمبين,جمبيان
jame,جامي,جامى
jamiah,جمية,جامعة
jamik,جاميق,جامع
jampul,جمڤول,جامڤول
jamrah,جمره,جمرة
jana-bijana,جان٢,جان-بيجان
janabah,جنابه,جنابة
janggul,جڠݢول,جاڠݢول
berjangka,برجاڠک,برجڠک
menjangka,منجاڠک,منجڠک
menjangkakan,منجاڠکاکن,منجڠکاکن
penjangkaan,ڤنجاڠکاءن,ڤنجڠکاءن
terjangka,ترجاڠک,ترجڠک
menjangkah,منجاڠکه,منجڠکه
jangkang,جڠکڠ,جاڠکڠ
jangkar,جاڠکر,جڠکر
jangkauan,جڠکاوان,جاڠکاوان
menjangkih,منجاڠکيه,منجڠکيه
berjangkir,برجاڠکير,برجڠکير
dijangkiti,دجڠکيتي,دجاڠکيتي
jangkitan,جڠکيتن,جاڠکيتن
jangkung,جاڠکوڠ,جڠکوڠ
jannatunnaim,جنةالناعم,جنةالنعيم
kejantan-jantanan,کجنتن٢,کجنتن-جنتنن
berjejari,برججري,برججاري
jari-jemari,جاري٢,جاري-جماري
berjawapan,برجاواڤن,برجواڤن
berjawab-jawapan,برجواب-جاوڤن,برجواب-جواڤن
jawapan,جاواڤن,جواڤن
jazirah,جزيره,جزيرة
jebah,جبه,جيبه
berjebah,برجبه,برجيبه
jegang,جݢڠ,ج-ݢ-ڠ
jejamang,ججامڠ,ججمڠ
mengejek,مڠيجيق,مڠجيک
jeli,جلي,جي-ل-ي
jelur-jelir,جلور٢,جلور-جلير
jemekian,جمکين,جمکيان
jendela,جندلا,جنديلا
berjendela,برجندلا,برجنديلا
jeneral,جنرل,جينرل
jeneralisimo,جينراليسيمو,جنراليسيمو
jenggar,جيڠݢر,جڠݢر
menjengkang,منجيڠکڠ,منجڠکڠ
jengkang,جڠکڠ,جيڠکڠ
jengki,جڠکي,جيڠکي
berjerami,برجرمي,برجرامي
menjeremba,منجريمبا,منجرمبا
jerongkit,جروڠکيت,جورڠکيت
jerongkoh,جروڠکوه,جورڠکوه
jika,جيک,جک
terjingkat-jingkat,ترجيڠکت-جيڠکت,ترجيڠکيت-جيڠکت
jirian,جيرين,جيريان
jongkang-jongket,جوڠکڠ-جوڠکيت,جوڠکڠ-جڠکيت
dijoreng-joreng,دجوريڠ٢,دجوريڠ-جوريڠ
dijual,دجوال,دجوالن
menjuarai,منجواراءي,منجوارءي
berjujukan,برجوجوکن,برجوجوقن
menjulai,منجولاءي,منجولاي
berjulo-julo,برجولو٢,برجولو-جولو
jumaat,جوماعت,جمعة
berjumaat,برجوماعت,برجمعة
jumjumah,جمجمة,جمجمه
jumud,جومود,جمود
kejumudan,کجومودن,کجمودن
menjumudkan,منجومودکن,منجمودکن
junun,جونون,جنون
juruaudit,جورواوديت,جورواءوديت
juruazan,جورواذن,جورواذان
juruiklan,جورواقلن,جورواعلان
juruiring,جورويريڠ,جوروايريڠ
jurukhat,جوروخت,جوروخط
jurunikah,جورونيکه,جورونکاح
juruterapi,جوروتراڤي,جوروتيراڤي
juruulas,جوروالس,جورواولس
juvana,جوۏان,جوۏانا
juz,جز,جزء
berjuz-juz,برجوز-جوز,برجزء-جزء
sejuz,سجوز,سجزء
kabir,کابير,کبير
kabir-kabiran,کابير٢,کابير-کابيرن
berkabriolet,برکبريوليت,برکابريوليت
kabuki,کابوقي,کابوکي
kabul,کبول,قبول
kabur,کبور,کابور
berkaca-kaca,برکاچ-کاچ,برکاچا-کاچ
kacau-balau,کاچاو٢,کاچاو-بالاو
kacau-becah,کاچاو٢,کاچاو-بچه
kacau-birau,کاچاو-بيراو,کاچا-بيراو
kacek,کاچق,کاچيق
sekacukan,سکاچوکن,سکاچوقن
kadam,کادم,قدم
sekadar-kadaran,سقدر-کدرن,سقدر-قدرن
kadas,کدس,قدس
kadaver,کداۏر,کاداۏر
kademat,کادمت,کدمت
kadi,کادي,قاضي
kadli,کدلي,قدلي
kafeteria,کافيتريا,کافيتيريا
kafilah,کافيله,قافلة
berkahak,برکاهق,ب-رکاهق
kahar,کهر,کاهر
kahat,کاهت,قحط
kahwa,کهوا,قهوا
dikail,دکاءل,دکاءيل
kailan,کاءيلن,کايلن
kaisar,کيسر,قيصر
kekaisaran,ککايسرن,کقيصرن
dikaitkan,دکاءيکن,دکاءيتکن
keberkaitan,کبرکاءن,کبرکاءيتن
keterkaitan,کترکاءن,کترکاءيتن
memperkaitkan,ممڤرکاءيکن,ممڤرکاءيتکن
perkaitan,ڤرکاءين,ڤرکاءيتن
kaizen,کايزين,کايزن
menkaji-kaji,منکاجي-کاجي,مڠکاجي-کاجي
kakanda,کاکندا,ککندا
berkal-kal,برکل٢,برکل-کل
kalak,کلاق,کالق
kalakian,کلاکين,کلاکيان
kalam,کلم,کلام
kalam,کلم,قلم
kalamdan,کلمدن,قلمدان
kalamkari,کلمکري,کلمکاري
kalbu,کلبو,قلبو
kaleidoskop,کالييدوسکوڤ,کاليدوسکوڤ
berkali-kali,برکالي٢,برکالي-کالي
bersekali,برسکلي,برسکالي
sekali-kali,سکالي٢,سکالي-کالي
sekali-sekala,سکالي٢,سکالي-سکالا
kalikausar,کليکاور,کليکاوسر
kaliki,کليقي,کاليکي
kalimah,کلمة,کلمه
mengalimantang,مڠليمانتڠ,مڠليمنتڠ
kalimatusyahadat,کلميةمةالشهدة,کلمةالشهادة
kalimayah,کلماية,کليمايه
kalkalah,کلکله,قلقله
kalorimetri,کالوريميتري,کلوريميتري
kalut-kibut,کالوت٢,کالوت-کيبوت
kamal,کمل,کمال
kamar,کمر,کامر
kamar,کمر,قمر
kamarban,کمربن,کامربن
kamariah,کمرية,قمرية
kamat,کمت,قمة
kambai,کامباي,کمباي
mengamban,مڠمبن,مڠامبن
mengambang,مڠمبڠ,مڠامبڠ
kambas,کامبس,کمبس
kambau,کامباو,کمباو
kambi,کامبي,کمبي
kambih,کامبيه,کمبيه
kambing,کامبيڠ,کمبيڠ
kambuh,کامبوه,کمبوه
kambus,کامبوس,کمبوس
dikambus,دکامبوس,دکمبوس
terkambus,ترکامبوس,ترکمبوس
kamceng,کامچيڠ,کمچيڠ
kamis,کاميس,قميص
kamisa,کميسا,قميص
kampah,کامڤه,کمڤه
kampai,کامڤاي,کمڤاي
berkampai,برکامڤاي,برکمڤاي
kampak,کامڤق,کمڤق
kampang,کامڤڠ,کمڤڠ
kampanye,کامڤاڽ,کمڤڽى
mengampas,مڠمڤس,مڠامڤس
kampemen,کمڤمن,کمڤمين
kamper,کامڤر,کمڤر
kampil,کامڤيل,کمڤيل
kampilan,کامڤيلن,کمڤيلن
berkampit-kampit,برکمڤيت-کامڤيت,برکامڤيت-کامڤيت
sekampit,سکمڤيت,سکامڤيت
kampori,کامڤوري,کمڤوري
kampret,کامڤريت,کمڤريت
mengampuhkan,مڠمڤوهکن,مڠامڤوهکن
kampus,کامڤوس,کمڤوس
berkampus,برکامڤوس,برکمڤوس
perkampusan,ڤرکامڤوسن,ڤرکمڤوسن
kamsiah,کمسية,کمسياه
kamus,کاموس,قاموس
dikamuskan,دکاموسکن,دقاموسکن
pekamus,ڤکاموس,ڤقاموس
kanaah,کناعه,قناعه
kanaat,کناعة,قناعة
kekanak-kanakan,ککانق-کانقن,ککنق-کانقن
kanbus,کانبوس,کنبوس
kancah,کانچه,کنچه
terkancah,ترکانچه,ترکنچه
kancap,کانچڤ,کنچڤ
kancih,کانچيه,کنچيه
kancil,کانچيل,کنچيل
kandar,کاندر,کندر
dikandarkan,دکاندرکن,دکندرکن
kandaran,کاندرن,کندرن
terkandar,ترکاندر,ترکندر
kandas,کاندس,کندس
terkandas,ترکاندس,ترکندس
kandela,کندلا,کنديلا
kandi,کندي,کاندي
kandil,کنديل,قنديل
kandul,کاندول,کندول
kandut,کاندوت,کندوت
kangen,کاڠين,کاڠن
kangjeng,کڠجيڠ,کڠجڠ
berkanjang,برکانجڠ,برکنجڠ
kantata,کنتات,کنتاتا
kantonmen,کنتونمن,کنتونمين
mengantungi,مڠنتوڠي,مڠانتوڠي
kanun,کانون,قانون
terkanun,ترکانون,ترقانون
kanyon,کاڽون,کنيون
kaplok,کاڤلوق,کڤلوق
karaf,کرف,کارف
karabin,کرابين,کارابين
karamah,کارامه,کرامه
karamel,کارامل,کاراميل
berkaramel,برکارامل,برکاراميل
dikaran,دکرن,دکارن
mengaran,مڠرن,مڠارن
karaoke,کاراوکي,کاراءوکي
berkaraoke,برکاراوکي,برکاراءوکي
karar,کارر,قرار
dikarate,دکارتي,دکاراتي
karenah,کارينه,قرينه
kariah,کرية,قريه
karib,کريب,قريب
karier,کارير,کاريئر
karim,کاريم,کريم
karkausar,کرکور,کرکاور
karpel,کرڤل,کرڤيل
kartel,کرتل,کرتيل
karun,کارون,قارون
karunia,کارونيا,کرونيا
kasab,کسب,کاسب
kaserol,کاسرول,کاسيرول
kasid,کاسيد,قاصد
mengasihani,مڠاسيهاني,مڠاسيهني
kasisang,کاسيسڠ,کسيسڠ
kasmutik,کسموتيک,کسموتيق
kasok,کاسوق,کاسوک
berkata-kata,برکات٢,برکاتا-کات
katakana,کاتاکان,کاتاکانا
pengkatalogan,ڤڠکاتالوݢن,ڤڠکاتالوݢنݢ
katamaran,کاتامرن,کاتامارن
katapel,کاتاڤل,کاتاڤيل
katedral,کاتيدرل,کاتدرل
katel,کاتل,کاتيل
katifah,کاتيفه,قطيفه
kaudal,قودل,کاودل
kaul,قول,کاءول
kaula,کاولا,کاءولا
berkaum-kaum,برقوم-قاءوم,برقوم-قوم
kaus,کاءوس,قوس
kausatif,کوساتيف,کاوساتيف
kekaustikan,ککاءوستيکن,ککاوستيکن
berkawad,برکود,برکاود
mengawali,مڠاوالي,مڠاولي
kawanua,کاونوا,کاوانوا
kaya-raya,کاي٢,کاي-راي
kaya,کاي,کايا
kazab,کذب,کذاب
kecah,کچه,کيچه
berkecah,برکچه,برکيچه
kecah-becah,کچه-بچه,کيچه-بچه
mengecahkan,مڠچهکن,مڠيچهکن
kecak,کيچق,کچق
berkecak,برکيچق,برکچق
berkecapi,برکچڤي,برکچاڤي
kecar,کيچر,کچر
keci,کچي,کيچي
mengecu,مڠچو,مڠيچو
mengedang,مڠيدڠ,مڠدڠ
mengedangkan,مڠيدڠکن,مڠدڠکن
kedangan,کدڠن,کداڠا
kedari,کدري,کداري
kedeki,کدقي,کدکي
kedera,کدرا,کديرا
berkedera,برکدرا,برکديرا
kedi,کدي,کيدي
berkedok,برکيدوق,برکدوق
keembung,کامبوڠ,کيئمبوڠ
kei,کي,کئي
berkedai,برکداي,برکجاي
pengeji,ڤڠيجي,ڤڠجي
keju,کجو,کيجو
kekah,ککه,قيقه
k-ekonomi,کو-ايکونومي,کي-ايکونومي
kelah,کله,کيله
berkelah,برکله,برکيله
perkelahan,ڤرکلهن,ڤرکيلهن
berkelahi,برکلهي,برکلاهي
kelambai,کلمباي,کلامباي
kelamkari,کلمکري,کلمکاري
kelang,کلڠ,کيلڠ
kelangkang,کلڠکڠ,کلاڠکڠ
kelanjar,کلنجر,کلانجر
berkelanjaran,برکلنجرن,برکلانجرن
mengelanjar,مڠلنجر,مڠلانجر
kelantang,کلانتڠ,کلنتڠ
mengelantang,مڠلانتڠ,مڠلنتڠ
kelanting,کلانتيڠ,کلنتيڠ
kelebak,کلبق,کليبق
kelebang,کلبڠ,کليبڠ
kelebat,کلبت,کليبت
keledi,کليدي,کلدي
kelekan,کلکن,کيليقن
kelembahang,کلمبهڠ,کلمباهڠ
kelemban,کلمبن,کليمبن
berkelemban,برکلمبن,برکليمبن
kelemek,کلمق,کليميق
kelengkang,کلڠکڠ,کليڠکڠ
kelentang,کلنتڠ,کلينتڠ
kelenteng,کلينتيڠ,کلنتيڠ
kelepak,کلڤق,کليڤق
kelesa,کليسا,کلسا
kelesah,کلسه,کليسه
keletak,کليتق,کلتق
keletang,کليتڠ,کلتڠ
kelian,کلين,کليان
kelima,کليم,کليما
kelvin,کلۏين,کيلۏين
kem,کم,کيم
ke,کي,ک
kemabal,کمبل,کمابل
kemang,کيمڠ,کمڠ
kemar,کمر,کيمر
kemarahan,کمارهن,کماراهن
kemdian,کمدين,کمديان
kemendang,کميندڠ,کمندڠ
berkemendang,برکميندڠ,برکمندڠ
mengemendang,مڠميندڠ,مڠمندڠ
kemofisiologi,کموفيسيولوݢي,کيموفيسيولوݢي
kemoterapi,کيموتيراڤي,کيموتيرافي
kempeitai,کمڤيتاي,کيمڤيتاي
dikenai,دکناي,دکناءي
mengenai,مڠناي,مڠناءي
perkenakan,ڤرکنقن,ڤرکناکن
kena,کنا,کينا
kenanga,کناڠا,کناڠاݢ
kendeka,کنديک,کنديکا
dikenderai,دکندراي,دکندراءي
mengenderai,مڠندراي,مڠندراءي
kenduri-kendara,کندوري٢,کندوري-کندارا
kenerian,کنرين,کنريان
kenes,کينيس,کنيس
terkengkeng-kengkeng,ترکيڠکيڠ-کيڠکيڠکيڠکيڠکيڠکيڠ,ترکيڠکيڠ-کيڠکيڠ
kepak,کڤق,کيڤق
dikepak,دکڤق,دکيڤق
mengepak,مڠڤق,مڠيڤق
terkepak,ترکڤق,ترکيڤق
dikepalai,دکڤالاي,دکڤلاءي
mengepalai,مڠڤالاي,مڠڤالاءي
kepang,کڤڠ,کيڤڠ
berkepang,برکڤڠ,برکيڤڠ
kepangan,کڤڠن,کيڤڠن
kepang-kepot,کڤڠ-کڤوت,کيڤڠ-کيڤوت
mengepang,مڠڤڠ,مڠيڤڠ
keperancak,کڤرانچق,کڤرنچق
mengepukkan,مڠڤوقکن,مڠڤوڤکن
kepulesan,کڤوليسن,کڤولسن
kerabat,قرابت,قرابة
kerahi,کرهي,کراهي
kerama,کرام,کراما
kerancang,کرانچڠ,کرنچڠ
kerancak,کرانچق,کرنچق
kerang,کرڠ,کيرڠ
kerang-kerut,کرڠ-کروت,کيرڠ-کروت
kerapan,کرڤن,کراڤن
keras-leras,کرس٢,کراس-لرس
sekeras-keras,سکرس٢,سکرس-کرس
keratin,کراتين,کيراتين
kerau,کراو,کيراو
mengerebok,مڠربوق,مڠريبوق
kerekan,کريقن,کيريقن
kerem,کريم,کرم
kerenan,کرينن,کرنن
kereng,کيريڠ,کرڠ
keret,کريت,کيريت
keri,کري,کيري
kerian,کرين,کريان
berkerikil,برکريقيل,برکريکيل
kering-kontang,کريڠ٢,کريڠ-کونتڠ
kerop,کروڤ,کيروڤ
kerosin,کروسين,کيروسين
kerpasan,کرڤسن,کرڤاسن
kerubian,کروبين,کروبيان
keruk-keruk,کروق٢,کروق-کروق
kerung-kerang,کروڠ٢,کروڠ-کرڠ
kekesateriaan,ککسترياءن,ککساترياءن
kesel,کيسيل,کسل
kesinga,کسيڠا,کسيڠاݢ
kesmaran,کسمرن,کسمارن
kesu-kesi,کسو٢,کسو-کسي
ketapi,کتڤي,کتاڤي
ketaya,کتاي,کتايا
ketek,کيتيق,کتيق
berketika,برکتيکا,برکتيک
mengetuai,مڠتواي,مڠتواءي
ketui,کتوي,کتوءي
khairat,خيرة,خيرات
berkhairat,برخيرت,برخيرات
khakan,خاکن,خقن
khalak,خلق,خلع
khali,خلي,خالي
khalikulalam,خليقالعلم,خالقالعالم
khalis,خليس,خليص
khanah,خنه,خانه
kharajat,خراجت,خراجة
dikhaskan,دخاسکن,دخاصکن
kekhasan,کخاسن,کخاصن
terkhas,ترخص,ترخاس
khasah,خاسه,خاصه
khat,خت,خط
mengekhatkan,مڠختکن,مڠخطکن
khataman,خطمن,ختمن
khatir,خاتر,خاطر
khatulistiwa,خطوليستيوا,خطالاستواء
khi,خي,خاي
khilafah,خلافه,خلافة
khilafiah,خلافية,خلافيه
khinzir,خينزير,خنزير
khudu,خدو,خضوع
khulak,خلاق,خلع
khuluk,خلع,خلق
kekhusyukan,کخشوقن,کخشوعن
mengkhusyukkan,مڠخشوقکن,مڠخشوعکن
khuwatir,خواطر,خواطير
kiai,کياي,کياءي
kiam,کيام,قيام
kiamat,کيامت,قيامة
kesekian,کسکين,کسکيان
kibang-kibut,کيبڠ٢,کيبڠ-کيبوت
kibriah,کبرية,کبريه
kibti,کبت,قبطي
kicang-kecoh,کيچڠ٢,کيچڠ-کيچوه
kicang-kicu,کيچڠ٢,کيچڠ-کيچو
kinayah,کناية,کنايه
kinematik,کينماتيک,کينيماتيک
kingka,کيڠک,کيڠکا
kekinian,ککينين,ککنين
kirbat,کربة,کيربت
kisas,کيساس,قصاس
kismat,کسمة,قسمة
kismet,کيسميت,قسمة
kita,کيتا,کيت
kitabullah,کتابلاله,کتابالله
kizib,کزب,کذب
klac,کلاچ,کلچ
berklik,برکليق,برکليک
mengklik,مڠکليق,مڠکليک
klinisian,کلينيسين,کلينيسيان
klorela,کلوريلا,کلورلا
kloroprena,کلوروڤرينا,کلوروڤرنا
kobalamin,کوبالامين,کوبالمين
pengekod,ڤڠيکود,ڤڠکود
koefisien,کويفيسيئن,کوايفيسين
koheren,کوهيرين,کوهيرن
koktel,کوقتل,کوکتيل
kolesistektomi,کوليسيستيستيکتومي,کوليسيستيکتومي
kolonel,کولونيل,کولونل
berkolum-kolum,برکولوم٢,برکولوم-کولوم
komprehensif,کومڤريهنسيف,کومڤريهينسيف
komunike,کومونيک,کومونيکي
mengonani,مڠوناني,مڠونني
kondem,کوندم,کونديم
konga,کوڠا,کوڠاݢ
kongenital,کوڠݢينيتل,کونݢينيتل
konglomerat,کوڠݢلومرت,کڠݢلومرت
kongruen,کوڠݢروءن,کوڠݢروءين
konsistensi,کونسيستينسي,کونسيستنسي
kontak,کونتق,کونتک
mengontakkan,مڠونتقکن,مڠونتککن
kontang-kanting,کونتڠ-کانتيڠ,کونتڠ-کنتيڠ
terkontang-kanting,ترکونتڠ-کانتيڠ,ترکونتڠ-کنتيڠ
kontingensi,کونتيڠيسي,کونتينݢنسي
sekonyong-konyong,سکوڽوڠ٢,سکوڽوڠ-کوڽوڠ
ko-op,کو٢,کو-اوڤ
kopitiam,کوڤيتيام,کوڤيتيم
dikorbankan,دکربانکن,دقربانکن
kord,کورد,کود
koreng-moreng,کوريڠ٢,کوريڠ-موريڠ
koroner,کورونر,کورونير
kospuskel,کوسڤوسکل,کورڤوسکل
kosekan,کوسيقن,کوسيکن
kosmogoni,کوسموݢي,کوسموݢوني
pengotak-ngotakan,ڤڠوتق-ڠوتاکن,ڤڠوتق-ڠوتقن
krew,کريو,کرو
krioterapi,کريوتراڤي,کريوتيراڤي
kriptografi,کريڤتوݢرافي,کريڤتوݢراڤي
krismas,کريسماس,کريسمس
kriteria,کريتريا,کريتيريا
mengkriteriakan,مڠکريترياکن,مڠکريتيرياکن
menguap,مڠووڤ,مڠواڤ
menguarkan,مڠووارکن,مڠوارکن
menguar-nguarkan,مڠووار-ڠوارکن,مڠوار-ڠوارکن
terkuasai,ترکواساي,ترکواساءي
kuaya,کواي,کوايا
berkubukan,برکوبوقن,برکوبوکن
memperkuda-kudakan,ممڤرکود-کوداکن,ممڤرکودا-کوداکن
kudsi,کودسي,قدسي
kufuan,کفوان,کوفوان
kuih-muih,کوءيه٢,کوءيه-موءيه
kuilu,کوءيلو,کويلو
menguis,مڠوويس,مڠوءيس
penguis,ڤڠوويس,ڤڠوءيس
menguit-nguit,مڠوويت-ڠوءيت,مڠوءيت-ڠوءيت
menguitkan,مڠوءيتکن,مڠوءيت
sekujut,سکوجوت,ڤڠوجوت
kukri,کوقري,کوکري
kuah-kulah,کواه٢,کوله٢
kulansing,کولانسيڠ,کولنسيڠ
kulasentana,کولاسينتان,کولاسنتان
kulub,قلب,قلوب
kuluk,کولوق,قولوق
kulzum,کولزوم,قلزم
kunfayakun,کونفايکون,کنفيکون
kungkuvak,کوڠکوۏق,کوڠکوۏک
kuririk,کوريريک,کوريريق
kurrat,کورت,قرة
kurun,کورون,قرون
berkurun-kurun,برکورون-کورون,برقرون-قرون
kusut-kasau,کوسوت٢,کوسوت-کاساو
kekutuban,ککوتوبن,کقوطوبن
pengutuban,ڤڠوتوبن,ڤڠوطوبن
kutubkhanah,کتبخن,کتبخانه
keterkutukan,کترکوتوکن,کترکوتوقن
kuud,قود,قعود
maab,معب,ماءب
maahad,ماهد,معهد
maakulat,معقولت,معقولات
macam-macam,ماچم-ماچم,ماچم٢
machiavellianisme,ماچياۏليانيسمى,ماچياۏيليانيسمى
macho,مچو,ماچو
madali,مادلي,مدالي
madani,مادني,مدني
maddah,مدده,مدة
maghribi,مغرب,مغربي
mahakarya,مهاکري,مهاکاريا
dimahalkan,دمحالکن,دماهلکن
mahamenteri,مهامينتري,مهامنتري
mahameru,مهامرو,مهاميرو
mahar,ماهر,مهر
maharishi,محاريشي,مهاريشي
maherat,مهرت,مهيرت
mahsuri,محسوري,مهسوري
main-mainan,ماءين٢,ماءين-ماءينن
permajalahan,ڤرمجالهن,ڤرمجلهن
majapahit,مجاڤهيت,مجاڤاهيت
majaz,مجز,مجاز
majezub,مجزوب,مجذوب
semajikan,سماجيکن,سمجيکن
maka,ماک,مک
makalah,مکاله,مقاله
pemakalah,ڤماکله,ڤمقاله
makaroni,مکروني,مکاروني
makas,مکس,ماکس
makemono,مکمونو,ماکيمونو
makmum,معموم,ماموم
makramat,مکرمت,مکرمة
makruf,مکروف,معروف
maksum,مقصوم,معصوم
makyung,مکيوڠ,مقيوڠ
mal,مل,مال
malafide,ملاففيدى,مالافيدي
malai,ملاي,مالاي
bermalaikan,برملايکن,برمالايکن
malaik,ملائق,ملائک
malak,ملق,ملک
malakamo,ملاکامو,مالاکامو
malakatulmaut,ملاکةالموت,ملکةالموت
bermalam,برملام,برمالم
bermalaman,برملامن,برمالمن
bermalam-malam,برملام-مالم,برمالم-مالم
malam-malam,ملام٢,مالم٢
malangkan,مالڠکن,ملڠکن
malapari,ملاڤري,ملاڤاري
malaria,ملاريا,مالاريا
malaun,ملاءون,ملعون
kemalaysiaan,کمليسياءن,کماليسياءن
maleh,ماليه,مليه
maleman,مالمن,مليمن
mali-mali,ملي٢,مالي٢
malignan,مليݢنن,ماليݢنن
malik,ماليق,ملک
malikuljabbar,ملکالجبر,ملکالجبار
malinja,ملينجا,مالينجا
malun,مالون,ملعون
mama,مام,ماما
mamalia,ممليا,ماماليا
mamlakat,مملاکت,مملکة
manasik,مناسيق,مناسک
pemandatorian,ڤمنداتورين,فمنداتورين
mandung,مندوڠ,ماندوڠ
manganin,ماڠانين,مڠانين
manganit,ماڠانيت,مڠانيت
dimangkung,دماڠکوڠ,دمڠکوڠ
mani,ماني,مني
permanian,ڤرمانين,ڤرمنين
manira,مانيرا,منيرا
manis-manisan,مانيس٢,مانيس-مانيسن
manjangan,منجڠن,منجاڠن
pemansuhan,ڤمنسوهن,ڤمنسوخن
mantari,منتري,منتاري
dimanterai,دمنتراي,دمنتراءي
memanterai,ممنتراي,ممنتراءي
mantik,منتق,منطق
mantuk,منتوق,منطوق
manusia,ماءنسيا,ماءنسي
manusiawi,مونسيوي,ماءنسياوي
mapalus,ماڤالوس,مڤالوس
mapel,ماڤل,ماڤيل
maraton,مراتون,ماراتون
marbut,مربوت,مربوط
marhaenis,مرهائينيس,مرهاءينيس
marhalah,مرهاله,مرهلة
marigold,ماريݢولد,ماريݢول
marijuana,ماريجوان,ماريجوانا
maritam,ماريتم,مريتم
marmalad,مرملد,مرمالد
masakan,ماسقن,ماساکن
masakat,مسقة,مشقة
masalode,ماسالودى,مسالودي
mashumi,مشهي,مشومي
masih,ماسيه,مسيح
masihi,ماسيهي,مسيحي
masjidilaqsa,مسجدالقاس,مسجداقصى
maskanat,مسکنت,مسکنة
masnawi,مسناوي,مثناوي
masya-allah,مشاله,ماشاءالله
masyaikh,مشاءيح,مشائخ
masyakah,مشقه,مشقة
masyrik,مشريک,مشرق
matalamat,ماتالمت,متلامت
matan,ماتن,متن
matari,ماتري,متاري
material,ماتريال,ماتيريال
mauduk,مودوق,موضوع
maujudat,موجودت,موجودات
maula,مولا,مولى
maulai,مولاءي,مولاي
maulana,مولان,مولانا
maulhayat,مولحيات,ماءالحياة
maulidurrasul,مولدرالول,مولدالرسول
maun,مون,ماءون
maura,مورا,ماورا
maut,موء,موت
pemautan,ڤماءوتن,ڤموتن
mayapada,مايڤادا,ماياڤادا
mayat,مايت,ميت
mazbah,مذبه,مذبح
mazi,مزي,مذي
mazlum,مزلوم,مظلوم
mazmumah,مزمومه,مذمومه
mazodinia,مزودينيا,مازودينيا
mazurka,مذورک,مازورکا
mecis,مچيس,ميچيس
medal,مدل,ميدل
medalion,مداليون,ميداليون
media,مديا,ميديا
mega,مݢا,ميݢ
megan,مݢن,ميݢن
megatan,مݢتن,ميݢاتن
megawatt,ميݢاوت,ميݢاوات
mejan,ميجن,مجن
mejen,مجين,مجن
mekah,مکه,مکة
mekap,مکڤ,ميکڤ
bermekap,برمکڤ,برميکڤ
dimekapkan,دمکڤکن,دميکڤکن
memekapkan,ممکڤکن,مميکڤکن
bermekaran,برميکرن,برمکرن
kemekaran,کميکرن,کمکرن
pemekaran,ڤميکرن,ڤمکرن
mekmulung,ممکولوڠ,ميقمولوڠ
melabuai,ملابواءي,ملابواي
melambang,ملامبڠ,ملمبڠ
melanin,ملانين,ميلانين
melapari,ملاڤري,ملاڤاري
melaun,ملاءون,ملعون
melik,مليق,ميليق
kemelikan,کمليقن,کميليقن
melioner,مليونير,مليونر
melodrama,ملودراما,ميلودراما
member,ممڤير,ميمبر
memberang,ممڤيرڠ,ممڤرڠ
memek,ممق,ميميق
memoir,مموءير,ميموءير
memorabilia,ممورابيليا,ميمورابيليا
memorandum,ممڤرندوم,ميمورندوم
mempelasari,ممڤلاسري,ممڤلاساري
menasabah,منصبه,مناسبه
mencak-mencak,منچق-منچق,منچق٢
mencih-mencih,منچيه-منچيه,منچيه٢
mencrok,منچروق,مينچروق
mendakan,منداکن,مندقن
mendera,مندرا,منديرا
termengkelan,ترمڠکيلن,ترمڠکلن
meni,مني,ميني
meninges,منيڠيس,مينيڠيس
meningitis,منيڠيتيس,مينيڠيتيس
meniskus,منيسکوس,مينيسکوس
mensiu,مينسيو,منسيو
mensrea,منسريا,مينسريا
menstruasi,منسترواسي,مينسترواسي
mentah-mentah,منته-منته,منته٢
mental,منتل,مينتل
mentaliti,منطليتي,مينتاليتي
mentalun,منطلون,منتالون
mentang-mentang,منتڠ-منتڠ,منتڠ٢
mentol,منتول,مينتول
mentor,منتور,مينتور
menu,منو,مينو
meper,مڤير,ميڤير
merah,مره,ميره
memerah,ممره,ممڤره
memerahi,ممرهي,ممڤرهي
memerahkan,ممرهکن,ممڤرهکن
merah-merang,ميره٢,ميره-مرڠ
pemerah,ڤمره,ڤميره
merambung,مرامبوڠ,مرمبوڠ
merdeheka,مرديهيک,مردهيک
pemerdeka,ڤمرديق,ڤمرديک
merdesa,مردسا,مرديسا
merem,مريم,مرم
memeremkan,ممريمکن,ممرمکن
meres,مريس,ميريس
meridian,مريدين,مريديان
merit,مريت,ميريت
meritokrasi,مريتوکراسي,ميريتوکراسي
merpoi,مرڤوءي,مرڤوي
mesem,مسم,ميسم
mesenteri,مسينتري,ميسينتري
dimesinkan,دمسينکن,دميسينکن
mesingan,مسيڠن,ميسينݢن
mesokarpa,مسوکرڤا,ميسوکرڤا
dimesrai,دمسراي,دمسراءي
termesti,ترميستي,ترمستي
meta,متا,ميتا
memetabolismekan,مميتابوليسميکن,مميتابوليسماکن
metali,متالي,ميتل
metalik,ميتاليک,ميتاليتک
metastabil,ميتستابيل,ميتاستابيل
metereologi,ميتيويلوݢي,ميتيورولوݢي
metil,متيل,ميتيل
mezanin,مزانين,ميزانين
mielin,ميلين,مييلين
mieloma,ميلوما,مييلوما
mihrab,محرب,محراب
mika,ميک,ميکا
mikraj,معرج,معراج
mikroorganisma,ميکرورݢانيسما,ميکرواورݢانيسما
mikrowatt,ميکرووات,ميکرووت
millah,ملاله,ملة
milyuner,ميليونر,ميليونير
mimbar,ميمبر,منبر
minalaidinwalfaizin,منالععالحعالعافليزين,منالعائدينوالفائزين
minhaj,مينهاج,منهاج
memintai,ممينتاي,ممينتاءي
minta-minta,مينتا-مينتا,مينتا٢
mintakulburuj,منطقالبرج,منطقالبروج
mirat,ميرت,ميرءات
misalan,مثالن,ميثلن
misbah,مثبه,مصباح
mistar,ميستر,مسطر
mitar,ميتر,ميتار
mizan,مزان,ميزان
model,مودل,موديل
modeling,مودليڠ,موديليڠ
termoden,ترمودين,ترمودن
modenisasi,مودينيساسي,مودنيساسي
modenisme,مودينيسمى,مودنيسمى
modusoperandi,مودوسوڤرندي,مودوساوڤرندي
moga-moga,موݢا-موݢا,موݢ٢
moka,موک,موکا
molibdenum,موليبدنوم,موليبدينوم
morfofonem,مورفوفونم,مورفوفونيم
mozek,موزيق,موزيک
muaddib,مواديب,موءاديب
muahad,مواهد,معاهد
mualamat,معالمت,معالمة
mualif,مواليف,موءاليف
mualim,مواليم,معاليم
muamalah,موامله,معاملة
muamalat,مواملت,معاملة
muassasah,مواسسة,موءاسسه
muazin,مواذين,موءاذين
mubad,مباد,مبعض
mubah,مبه,مباح
mubalaghah,مبلغة,مبالغة
mubarak,مبارق,مبارک
mubarat,مبرط,مبرة
mubazir,مبذر,مبذير
memubazirkan,ممباذيرکن,مموبذيرکن
mudarabah,مضربة,مضاربة
mudarat,مدرت,مضرت
bermudarat,برمودارت,برموضرت
dimudaratkan,دمودرتکن,دموضرتکن
kemudaratan,کمودرتن,کموضرتن
memudaratkan,ممودرتکن,مموضرتکن
pemudaratan,ڤمودارتن,ڤموضرتن
mudghah,مدغه,مضغة
mudigah,موديݢه,م-ودي-ݢه
mudighah,مدغة,مضيغة
mudir,مودير,مدير
mufaraqah,مفرقة,مفارقه
mufasirin,مفسيرين,مفسرين
mufti,موتي,مفتي
muhajat,محاجت,محاجة
muhajir,محاجر,مهاجر
muhajirin,محاجرين,مهاجرين
muhal,محال,محل
muhibah,محبة,محبه
muhsan,محسن,محصن
muhsanah,محسنه,محصنه
kemujaradan,کموجردن,کمجردن
memujaradkan,مموردکن,ممڤردکن
mujari,موجري,موجاري
mujtahid,مجتحد,مجتهد
bermuka-muka,برموک-موک,برموکا-موک
mukabalah,مکابله,مقابله
memukabalahkan,مموکبلهکن,ممقابلهکن
mukminat,موءمينت,موءمنات
mukminin,موءمينين,موءمنين
kemuktamadan,کموقتمدن,کمعتمدن
muktazilah,معتزله,معتزلة
mulai,مولاي,مولاءي
mulakat,ملاقة,ملاقاة
mulberi,مولبري,مولبيري
mulhid,محلد,ملحد
mullah,ملاح,ملا
multidimensi,مولتيديميمينسي,مولتيديمينسي
multidisiplin,مولتيديسيڤيڤلين,مولتيديسيڤلين
muluk,مولوق,ملوک
mumaiyiz,مميزي,مميز
munajat,مناجت,مناجات
bermunajat,برمناجت,برمناجات
munakahat,منکة,مناکحات
muncikari,مونچيکري,مونچيکاري
munsyi,مونشي,منشي
muntaha,منتها,منتهى
murad,مورد,مراد
muradif,مراديف,مرادف
murahik,مورهيک,مورهق
muraqabah,مراقبه,مراقبة
termurkai,ترمورکاي,ترمورکاءي
mursyidulam,مرشدولم,مرشدالعم
memurtadkan,ممڤرتدکن,ممرتدکن
musabaqah,مسبقه,مسابقه
musafir,مسافر,مسافير
musakat,مساکت,مشقة
musala,موسالا,مصلى
musibat,مصيبت,مصيبة
memuslimkan,ممسليمکن,ممسلمکن
muslimat,مسلمت,مسلمات
mustak,موستق,مشتق
mustamik,موستاميک,مستمع
mustard,مسترد,موسترد
mustika,موستيکا,موستيک
musyarakat,مشارکت,مشارکة
kemusyrikan,کمشريکن,کمشرکن
memusyrikkan,ممڤريککن,ممڤرککن
musyrikin,مشرکن,مشرکين
mutaah,متعة,متعه
mutai,موتاي,مطيع
mutakhir,متخير,متاخير
mutalaah,مطلعة,مطالعه
mutanajis,موتانجيس,متنجس
mutawassitah,موتاوسيته,متوسطة
mutawatir,موتاوتير,متواتر
mutawif,موتويف,مطوف
memutlakan,ممطلقن,ممطلقکن
muzakarah,مزکرة,مذاکره
muzik,موزيق,موزيک
pemuzik,ڤموزيق,ڤموزيک
nadim,ناديم,نديم
nadirat,ناديرت,ناديرة
ternafi,ترنافي,ترنفي
nagasari,نݢاسري,ناݢاساري
nahak,نحق,ناهق
nahas,نحث,نحس
menahaskan,منحثکن,منحسکن
nahu,ناهو,نحو
bernahu,برناهو,برنحو
nahuan,ناهوان,نحوان
naim,ناءيم,نعيم
najasah,نجاسه,نجاسة
najasat,نجاست,نجاسة
najat,ناجت,ناجة
bernalam,برنلم,برنالم
naluri,نالوري,نلوري
kenalurian,کنالورين,کنلورين
naluriah,نلوريه,نالوريه
menampak,منامڤق,منمڤق
menampakkan,منامڤقکن,منمڤقکن
nampung,نامڤوڠ,نمڤوڠ
naratif,نراتيف,ناراتيف
narwastu,نرواستو,نروستو
nas,نس,نص
nasab,نسب,نصب
nasar,ناسر,نسر
nasar,ناسر,نثر
penasihat,ڤنصيحت,ڤنصيحة
bernaskhah-naskhah,برنسخه٢,برنسخه-نسخه
nasrani,نسراني,نصراني
kenasranian,کنسرانين,کنصرانين
nasuha,ناسوها,نصوها
nauzubillahi,نوزبالله,نعوذبالله
nawaitu,نوايتو,نويتو
nazak,نذق,نزع
dinazirkan,دناذيرکن,دناظيرکن
necis,نچيس,نيچيس
negus,نݢوس,نيݢوس
nek,نيق,نق
nekat,نکت,نيکت
nenda,نندا,نيندا
nenekanda,نينيکندا,نينيقندا
neutralisme,نيوتراليسمى,نيوتراليسمي
mengangai,مڠاڠاي,مڠاڠاءي
ngayap,ڠايڤ,ڠاڽڤ
niatan,نيةن,نيتن
nika,نيک,نيکا
kenikmatan,کنقمتن,کنعمتن
nisa,نيسا,نساء
nisbah,نصبه,نيسبه
nomadik,نوماديق,نوماديک
novasekit,نوۏاسکيت,نوۏاسيکيت
novela,نوۏلا,نوۏيلا
nuget,نوݢيت,نوݢت
menujumkan,منوجومکن,منجومکن
penujuman,ڤنوجومن,ڤنجومن
se-nusantara,سينوسنتارا,سنوسنتارا
nusub,نصوب,نصب
nusuk,نسوق,نسک
nyampang-nyampang,ڽمڤڠ-ڽامڤڠ,ڽمڤڠ٢
oasis,اواسيس,اوواسيس
odeli,اوديلي,اودلي
bergogak-ogak,برݢوݢق-اوݢق,براوݢق-اوݢق
mengogokkan,مڠوݢوقکن,مڠوݢوق-کن
mengogok-ogok,مڠوݢوق-اوݢوق,مڠوݢوق-اوݢق
pengogok-ogok,ڤڠوݢوق٢,ڤڠوݢوق-اوݢق
oksihemoglobin,اوکسيهيمولوبين,اوکسيهيموݢلوبين
dioleng-oleng,داوليڠ٢,داوليڠ-اوليڠ
berolok-olok,براولوق٢,براولوق-اولوق
diolok-olok,داولوق٢,داولوق-اولوق
olok-olokan,اولوق٢,اولوق-اولوقن
perolok-olokkan,ڤراولوق٢,ڤراولوق-اولوقکن
ong,اوڠ,ءوڠ
beronggok-onggok,براوڠݢوق-اوڠݢوق,براوݢوق-اوڠݢوق
mengongokkan,مڠوڠوقکن,مڠوڠݢوقکن
opal,اوڤل,اوپال
mengopeni,مڠوڤني,مڠوڤيني
berorang-orang,براورڠ٢,براورڠ-اورڠ
orde,اوردي,اوردى
otoritet,اوتوريتيت,اوتوريتت
mengoutput,مڠوءوتڤوت,مڠاءوتڤوت
paceklik,ڤاچيقليق,ڤاچکليق
pada,ڤادا,ڤد
memadai,مماداي,مماداءي
padahal,ڤدهل,ڤدهال
padasan,ڤادسن,ڤداسن
padian,ڤاديان,ڤادين
padsyah,ڤدشه,ڤدشاه
paduka,ڤادوک,ڤدوک
paf,ڤف,ڤاف
pagutan,ڤݢاوتن,ڤاݢوتن
paja,ڤاجا,ڤاج
pakam,ڤاکم,ڤاکام
pakarangan,ڤاکارڠن,ڤکارڠن
pakasi,ڤاکاسي,ڤکاسي
pakihi,ڤاکيهي,ڤقيهي
palasik,ڤلاسيک,ڤلاسيق
palka,ڤلک,ڤلکا
pampan,ڤمڤن,ڤامڤن
memampan,مممڤن,ممامڤن
panakawan,ڤاناکاون,ڤناکاون
panasaran,ڤاناسرن,ڤناسرن
pancang,ڤانچڠ,ڤنچڠ
berpancang,برڤانچڠ,برڤنچڠ
pancangan,ڤانچڠن,ڤنچڠن
terpancang,ترڤانچڠ,ترڤنچڠ
memancari,ممنچري,ممانچري
memandai,ممنداءي,ممنداي
pandam,ڤندم,ڤاندم
memandam,ممندم,مماندم
berpandang-pandangan,برڤندڠ-ڤاندڠن,برڤندڠ-ڤندڠن
pandang-memandang,ڤندڠ-مماندڠ,ڤندڠ-ممندڠ
terpandang-pandang,ترڤندڠ-ڤاندڠ,ترڤندڠ-ڤندڠ
pengalaban,ڤڠعلبن,ڤڠالابن
pangeran,ڤاڠيرن,ڤڠيرن
pangestu,ڤاڠيستو,ڤڠيستو
panggal,ڤڠݢل,ڤاڠݢل
dipanggal,دڤڠݢل,دڤاڠݢل
panggalan,ڤڠݢلن,ڤاڠݢلن
panggang,ڤڠݢڠ,ڤ-ڠݢ-ڠ
panggung,ڤڠݢوڠ,ڤ-ڠ-ݢوڠ
pangreh-praja,ڤڠريه٢,ڤڠريه-ڤراج
pangulin,ڤاڠولين,ڤڠولين
panitia,ڤانيتيا,ڤنيتيا
pankek,ڤنکيق,ڤنکيک
pantaran,ڤانترن,ڤنتارن
sepantaran,سڤانترن,سڤنتارن
panteisme,ڤنتيئسمى,ڤنتيئيسمى
pantek,ڤنتق,ڤنتيق
pantik,ڤانتيق,ڤنتيق
sepapan,سڤڤن,سڤاڤن
paparazi,ڤڤارازي,ڤاڤارازي
papaya,ڤاڤاي,ڤڤايا
memparadam,ممڤرادم,ممڤارادم
paradam-paradom,ڤارادم٢,ڤارادم-ڤارادوم
parafrasa,ڤارافراس,ڤارافراسا
memparafrasa,ممڤرافراس,ممڤارافراسا
paraji,ڤاراجي,ڤراجي
paralelisme,ڤاراليلمى,ڤارالليسمى
paramasasterawan,ڤاراماساستراون,ڤاراماسستراون
paranoia,ڤارانويا,ڤارانوءيا
parasintesis,ڤاراسينتسيس,ڤاراسينتيسيس
pariskot,ڤاريسکوت,ڤريسکوت
parlemen,ڤرلمن,ڤرلمين
parlementer,ڤرليمينتر,ڤرلمينتير
pasal,ڤاسل,فصل
pasanggrahan,ڤاسڠݢرهن,ڤسڠݢراهن
pasara,ڤاسارا,ڤاسرا
pascasiswazah,ڤسچاسيسواته,ڤسچاسيسوازه
pasien,ڤاسيئن,ڤاسيئين
pasik,ڤاسيق,ڤاسيک
pasilan,ڤاسيلن,ڤسيلن
pastel,ڤستل,ڤستيل
pasumandan,ڤاسومندن,ڤسومندن
patela,ڤاتلا,ڤاتيلا
patuhilah,ڤاتوهيله,دڤاتوهيله
patukan,ڤاتوکن,ڤاتوقن
patungut,ڤاتوڠوت,ڤتوڠوت
paya,ڤاي,ڤايا
berpaya,برڤاي,برڤايا
berpaya-paya,برڤايا-ڤاي,برڤايا-ڤايا
pebean,ڤبياءن,ڤبيان
pecah-belah,ڤچه٢,ڤچه-بله
pecai,ڤچاي,ڤيچاي
pecak,ڤچق,ڤيچق
dipecakkan,دڤچقکن,دڤيچقکن
pecakari,ڤچاکري,ڤچاکاري
peci,ڤچي,ڤيچي
pecok,ڤچوق,ڤيچوق
pecun,ڤچون,ڤيچون
pedal,ڤدل,ڤيدل
pedendang,ڤديندڠ,ڤدندڠ
sepedih-pedih,سڤديه٢,سڤديه-ڤديه
pedometer,ڤدوميتر,ڤيدوميتر
pegangan,ڤݢاڠن,ڤݢڠن
pegatu,ڤݢاتو,ڤݢتو
pegoh,ڤݢوه,ڤيݢوه
pegon,ڤݢون,ڤيݢون
peguambela,ڤݢوامبلا,ڤݢوامبيلا
pejajaran,ڤجاجرن,ڤجاجارن
pejoratif,ڤيوراتيف,فيجوراتيف
pek,ڤيق,ڤيک
memeka,مميک,مميکا
pekak-kedadak,ڤکق٢,ڤکق-کدادق
pekak,ڤکق,ڤيکق
peksi,ڤيکسي,ڤقسي
pelagik,ڤلاݢيق,ڤيلاݢيق
pelagra,ڤلاݢرا,ڤيلاݢرا
pelak,ڤلق,ڤيلق
pelampung,ڤلامڤوڠ,ڤلمڤوڠ
pelan,ڤلن,ڤيلن
dipelanai,دڤلاناي,دڤلاناءي
pelang,ڤلڠ,ڤيلڠ
pelantaran,ڤلانترن,ڤلنترن
pelantik,ڤلانتيق,ڤلنتيق
pelanting,ڤلانتيڠ,ڤلنتيڠ
pelasari,ڤلاسري,ڤلاساري
pelat,ڤلت,ڤيلت
pelbak,ڤلبق,ڤيلبک
pelekat,ڤلکت,ڤليکت
pelet,ڤيليت,ڤليت
peletan,ڤلتن,ڤيليتن
peloh,ڤيلوه,ڤلوه
pelor,ڤلور,ڤيلور
berpeluk-pelukan,برڤلوق-ڤلوکن,برڤلوق-ڤلوڤن
berpelukan,برڤلوکن,برڤلوقن
pena,ڤينا,ڤنا
pena-pena,ڤينا٢,ڤنا٢
penalti,ڤنلتي,ڤينلتي
penataran,ڤناترن,ڤناتاترن
berpendar,برڤيندر,برڤندر
pendar,ڤندر,ڤيندر
memendar-mendarkan,ممندر-مندرکن,مميندر-ميندرکن
pendendang,ڤنديندڠ,ڤندندڠ
pendiat,ڤندية,ڤنديات
pendulum,ڤندولوم,ڤيندولوم
penembahan,ڤنمبهن,ڤنمباهن
pengalan,ڤڠالن,ڤڠلن
pengalasan,ڤڠالسن,ڤڠالاسن
pengeng,ڤڠيڠ,ڤڠڠ
penget,ڤڠت,ڤيڠيت
pengkal,ڤڠکل,ڤيڠکل
pengkar,ڤڠکر,ڤيڠکر
pengkolan,ڤڠکولن,ڤيڠکولن
penguin,ڤڠوءين,ڤيڠݢوءين
peni,ڤني,ڤيني
pensiunan,ڤنسيونن,ڤينسيونن
pentagon,ڤنتاݢون,ڤينتاݢون
pentatlon,ڤنتلون,ڤينتتلون
pentil,ڤنتيل,ڤينتيل
pentol,ڤينتول,ڤنتول
penumbra,ڤنومبرا,ڤينومبرا
memenyakkan,ممڽقکن,مميڽيقکن
pepat,ڤڤت,ڤڤات
memepat,ممڤت,ممڤات
pepaya,ڤڤاي,ڤڤايا
pepes,ڤڤس,ڤيڤيس
pepesan,ڤڤسن,ڤيڤيسن
pepet,ڤيڤيت,ڤڤت
pepsin,ڤڤسين,ڤيڤسين
keperakan,کڤرقن,کڤيرقن
keperak-perakan,کڤيرق-ڤرقن,کڤيرق-ڤيرقن
perakan,ڤرقن,ڤيرقن
peraman,ڤرامن,ڤرمن
memerankan,ممرنکن,ممرانکن
perancit,ڤرانچيت,ڤرنچيت
perang,ڤيرڠ,ڤرڠ
keperang-perangan,کڤرڠ-ڤرڠن,کڤيرڠ-ڤيرڠن
perasan,ڤراسن,ڤرسن
percaya-mempercayai,ڤرچاياممڤرچاي,ڤرچاي-ممڤرچاياءي
perekik,ڤرکيق,ڤريکيق
perenang,ڤرنڠ,ڤرينڠ
terperangau,ترڤراڠاو,ترڤرڠاو
perengkat,ڤرڠکت,ڤريڠکت
pergedel,ڤرݢيديل,ڤرݢديل
seperi-peri,سڤري٢,سڤري-ڤري
perian,ڤرين,ڤريان
perikarpa,ڤريکرڤا,ڤيريکرڤا
ketidakberperikemanusiaan,کتيدقبرڤيرکوانواسياءن,کتيدقبرڤريکماءنسياءن
periodontik,ڤريودونتيک,ڤيريودونتيک
periskop,ڤريسکوڤ,ڤيريسکوڤ
peristalsis,ڤريستلسيس,ڤيريستلسيس
perlahan-lahan,ڤرلاهن٢,ڤرلاهن-لاهن
permanganat,ڤرمڠانت,ڤرمنݢانت
permanganik,ڤرماڠانيق,ڤرمنݢانيک
perse,ڤرسي,ڤرس-ي
persekot,ڤرسيکوت,ڤرسکوت
perseneling,ڤرسنليڠ,ڤرسنيليڠ
personanongrata,ڤرسونانوڠراتا,ڤرسونانونݢراتا
pesonifikasi,ڤيسونيفيکاسي,ڤرسونيفيکاسي
seperunjungan,سڤراونجوڠن,سڤرونجوڠن
pesak,ڤسق,ڤيسق
memesankan,مميسنکن,ممسنکن
pesari,ڤساري,ڤيساري
pesimis,ڤسيميس,ڤيسيميس
pesta,ڤستا,ڤيستا
pesta-pestaan,ڤستا٢,ڤيستا-ڤيستاءن
pestisid,ڤستيسيد,ڤيستيسيد
petah,ڤته,ڤيته
memetahkan,ممتهکن,مميتهکن
petak,ڤتق,ڤيتق
berpetak-petak,برڤتق-ڤتق,برڤيتق-ڤيتق
memetak-metakkan,ممتق-متقکن,مميتق-ميتقکن
petamari,ڤتامري,ڤتاماري
pemetang-metangkan,ڤمتڠ٢,ڤمتڠ-متڠکن
petaya,ڤتاي,ڤتايا
petekia,ڤتکيا,ڤيتيکيا
petes,ڤتيس,ڤيتيس
berpetuakan,برڤتواقن,برڤتواکن
pianggang,ڤياڠݢڠ,ڤي-اڠ-ݢڠ
picagari,ڤيچاݢري,ڤيچاݢاري
memicagari,مميچاݢري,مميچاݢاري
picakari,ڤيچاکري,ڤيچاکاري
memihakkan,مميحقکن,مميهقکن
pemihakan,ڤميهاکن,ڤميهقن
pik,ڤيق,ڤيک
pilek,ڤيليق,ڤيلق
berpilih-pilih,برڤيليه٢,برڤيليه-ڤيليه
pinaremas,ڤينارماس,ڤينرامس
pinser,ڤينسر,ڤينسير
piterseli,ڤيترسلي,ڤيترسيلي
piuh-pilin,ڤيوه٢,ڤيوه-ڤيلين
plak,ڤلق,ڤلک
platform,ڤلتفورم,ڤلتفوم
pluerisi,ڤلوريسي,ڤلويريسي
pnuematik,ڤنوماتيک,ڤنيوماتيک
pok-o,ڤوق٢,ڤوق-او
pokrol,ڤوکرول,ڤوقرول
pokrol-pokrolan,ڤوقرول٢,ڤوقرول-ڤوقرولن
polisemi,ڤوليسميمي,ڤوليسمي
polistirena,ڤوليستيرينا,ڤوليسترينا
memperpolitikkan,ممڤرڤوليتيقکن,ممڤرڤوليتيککن
polmak,ڤولمق,ڤولمک
ponakan,ڤونقن,ڤوناکن
pondamen,ڤوندامن,ڤوندمين
ponggok,ڤوڠݢوق,ڤ-وڠ-ݢوق
memontang-mantingkan,ممونتڠ-منتيڠکن,ممونتڠ-مانتيڠکن
popokan,ڤوڤوقن,ڤوڤوکن
porsetel,ڤورسيتيل,ڤورستيل
porseter,ڤورسيتر,ڤورسيتير
mengepos,مڠيڤوس,مڠڤوس
pokad,ڤوکد,ڤوسکد
post-mortem,ڤوست-مورتيم,ڤوس-مورتم
poten,ڤوتين,ڤوتن
potret-memotret,ڤوتريت٢,ڤوتريت-مموتريت
praakhir,ڤراعهر,ڤرااخير
praanggapan,ڤراءڠݢڤن,ڤرااڠݢڤن
prahaid,ڤراهيد,ڤراهيض
mempraktikkan,ممڤرکتيقکن,ممڤرکتيککن
prangas,ڤراڠس,ڤرنݢس
prasarangka,ڤراسرک,ڤراسڠک
prasaran,ڤراسرن,ڤراسارن
prasasti,ڤراساستي,ڤراسستي
prasekolah,ڤراسيکوله,ڤراسکوله
prasiswazah,ڤراسيسواذه,ڤراسيسوازه
prasyarat,ڤراشرت,ڤراشرط
praujian,ڤراوجين,ڤراءوجين
prausul,ڤراءوسول,ڤراءوصول
prawacana,ڤراواچان,ڤراوچان
presint,ڤريسينت,ڤريسين
priayi,ڤرياي,ڤريايي
kepriayian,کڤرياين,کڤريايين
primafacie,ڤريمافاچي,ڤريمافاسي
primer,ڤريمر,ڤريمير
produk,ڤرودوق,ڤرودوک
prefesi,ڤريفيسي,ڤروفيسي
profesionalsime,ڤروفيسيونليسمى,ڤروفيسيوناليسمى
progeria,ڤروݢريا,ڤروݢيريا
projek,ڤروجيق,ڤروجيک
proletar,ڤرولتر,ڤروليتر
promenad,ڤروميند,ڤرومند
prosaik,ڤروسايق,ڤروساءيک
berprosedur,برڤروسدور,برڤروسيدور
pseudosiesis,ڤسيودوسييسيس,ڤسيودوسياسيس
psikiatri,ڤسيکيتري,ڤسيکياتري
psikik,ڤسيکيق,ڤسيکيک
perpuakan,ڤرڤواقن,ڤرڤواقکن
sepuas-puas,سڤواس٢,سڤواس-ڤواس
publik,ڤوبليق,ڤوبليک
puki,ڤوقي,ڤوکي
pulasan,ڤولسن,ڤولاسن
berpuluh-puluh,برڤولوه٢,برڤولوه-ڤولوه
dipulun-pulun,دڤولون٢,دڤولون-ڤولون
dipuluti,دڤولوتي,دڤولوت
empunya,امڤوڽ,امڤوڽا
puralan,ڤورلن,ڤورالن
puruk-porak,ڤوروق٢,ڤوروق-ڤورق
putarwali,ڤوتروالي,ڤوترولي
puyeng,ڤوييڠ,ڤويڠ
mengqada,مڠقداء,مڠقضاء
qadak,قضاع,قضاء
qaf,قف,قاف
qalqalah,قلقاله,قلقله
qamat,قمة,قامة
qarar,قرر,قرار
qari,قري,قاريء
qariah,قرية,قارئه
qidam,قدام,قدم
qiraah,قراعه,قراءه
qiraat,قراعة,قراءة
quran,قران,قرءان
ra,را,راء
raba-rabu,راب٢,راب-رابو
rabbana,ربان,ربنا
rabbani,ربني,رباني
rabitah,ربيطة,رابطة
rabitat,رابيتت,رابطة
rabub,ربوب,رابوب
rad,راد,رد
radi,رادي,رضي
radiallahuanhu,رديالالحن,رضياللهعنه
radioimunologi,راديومونولوݢي,راديوايمونولوݢي
rafak,رفق,رفع
merafak,مرفق,مرفع
merafakkan,مرفقکن,مرفعکن
rafidi,رفيدي,رافضي
rafik,رفيق,رفيع
raghib,راغب,راغيب
rahab,رهب,راهب
rahat,رهة,راهة
rahi,رهي,راهي
rai,راي,راعي
diraikan,درايکن,دراعيکن
keraian,کراين,کراعين
meraikan,مرايکن,مراعيکن
raiat,راية,رعيت
berajakan,براجقن,براجاکن
raji,راجي,رجعي
rajim,راجيم,رجيم
rakam,راکم,رقم
rakam,راکم,راقم
berakam,برعقم,براقم
merakam,مراکم,مراقم
perakam,ڤراکم,ڤراقم
perakaman,ڤراکمن,ڤراقمن
rakaman,راکمن,راقمن
raksamala,رکسامالا,رقسامالا
raksasa-raksasaan,رقساس٢,رقساس-رقساساءن
raksi,رکسي,رقسي
rama-rama,رام٢,راما٢
ramadan,رمادن,رمضان
ramadanal-mubarak,رمضانل٢,رمضانالمبرک
ramah-tamah,رامه٢,رامه-تامه
rambak,رامبق,رمبق
merambas,مرمبس,مرامبس
rambat,رامبت,رمبت
merambat,مرامبت,مرمبت
rambatan,رامبتن,رمبتن
terambat,ترامبت,ترمبت
merambih,مرمبيه,مرامبيه
berambu,برامبو,برمبو
rambun,رامبون,رمبون
rambung,رامبوڠ,رمبوڠ
bererambut,بررمبوت,بررامبوت
merambut,مرمبوت,مرامبوت
perambut,ڤرمبوت,ڤرامبوت
rerambut,ررمبوت,ررامبوت
serambut,سرمبوت,سرامبوت
rampaiklan,رمڤاءيلن,رمڤايئيعلان
serampak,سرمڤق,سرامڤق
berampas-rampasan,برامڤس-رمڤسن,برمڤس-رمڤسن
dirampungkan,درمڤوڠکن,درامڤوڠکن
merampus,مرمڤوس,مرامڤوس
rancap,رانچڤ,رنچڤ
berandai-randai,برانداي-رنداي,برنداى-رنداي
dirandungkan,دراندوڠکن,درندوڠکن
merandungkan,مراندوڠکن,مرندوڠکن
berangga,براڠݢ,برڠݢ
ranggi,رڠݢي,رڠ-ݢي
rangka,رڠک,راڠک
dirangka,درڠک,دراڠک
dirangkakan,درڠکاکن,دراڠکاکن
merangka,مرڠک,مراڠک
merangkakan,مرڠکاکن,مراڠکاکن
merangka-rangka,مرڠک-رڠک,مراڠک-راڠک
berangkai,براڠکاي,برڠکاي
berangkaian,براڠکاين,برڠکاين
berangkai-rangkai,براڠکاي-رڠکاي,برڠکاي-رڠکاي
terangkak-rangkak,تراڠکق-رڠکق,ترڠکق-رڠکق
berangkap,براڠکڤ,برڠکڤ
berangkap-rangkap,براڠکڤ-رڠکڤ,برڠکڤ-رڠکڤ
rangkaya,رڠکاي,رڠکايا
terangkum,تراڠکوم,ترڠکوم
rangkung,رڠکوڠ,راڠکوڠ
merangkung,مرڠکوڠ,مراڠکوڠ
terangkup,تراڠکوڤ,ترڠکوڤ
rango-rango,راڠو٢,رڠݢو٢
rangrangan,رڠرڠن,رڠراڠن
ranking,رانکيڠ,رنکيڠ
berantai-rantai,برانتاي-رنتاي,برنتاي-رنتاي
berantam,برانتم,برنتم
beranting,برانتيڠ,برنتيڠ
rapana,راڤان,رڤان
merasa-rasai,مراسا-راساي,مراسا-راساءي
merasai,مراساءي,مراساي
rasam,راسم,رسم
rasmi-rasmian,راسمي٢,راسمي-راسمين
raspberi,رسڤبري,رسبيري
merasuahi,مراسواهي,مرسواهي
perasuah,ڤراسواه,ڤرسواه
kerasulan,کراسولن,کرسولن
dirawai,دراواءي,دراواي
razia,رزيا,رازيا
rebak,ربق,ريبق
kemerebakkan,کمربقکن,کمريبقکن
merebak,مربق,مريبق
reban,ربن,ريبن
tereban,تربن,تريبن
rebat,ربت,ريبت
rebewes,ربيوس,ريبيويس
diredakan,دريضاکن,درداکن
keredaan,کريضاءن,کرداءن
mereda,مريضا,مردا
meredai,مرداي,مرداءي
meredakan,مريضاکن,مرداکن
reda,ردا,رضا
diredai,درداي,دريضاءي
meredai,مرداي,مريضاءي
redang,ردڠ,ريدڠ
redani,ريداني,رداني
redik,رديق,ريديق
meredik,مرديق,مريديق
regan,رݢن,ريݢن
beregister,برايݢيستر,بريݢيستر
merejamkan,مرجمکن,مرجمکم
direjeng,دريجيڠ,درجڠ
direka-reka,دريک٢,دريکا-ريک
mereka-reka,مريک٢,مريکا-ريک
mereka-rekakan,مريک-ريکاکن,مريکا-ريکاکن
perekaan,ڤرايکاءن,ڤريکاءن
reka-rekaan,ريک٢,ريک-ريکاءن
rekal,رکل,ريکل
berekan,بيريکن,برکن
rekanan,ريکنن,رکنن
rekata,ريکات,رکات
mereklamekan,مريکلاميکن,مريکلامکن
reklasering,ريکلاسريڠ,ريکلاسيريڠ
reksa,ريقسا,رقسا
rektifier,ريکتيفيئر,ريکتيفيار
rela,رلا,ريلا
merelai,مرلاي,مريلاءي
merelakan,مرلاکن,مريلاکن
relai,رلاي,ريلاي
merelai,مرلاي,مريلاي
relaps,رلڤس,ريلڤس
relevansi,ريۏلنسي,ريلۏنسي
religi,رليݢي,ريليݢي
reman,ريمن,رمن
remang,ريمڠ,رمڠ
remang-remang,ريمڠ٢,رمڠ٢
berembang,برامبڠ,برمبڠ
merembang,مريمبڠ,مرمبڠ
rembega,رمبيݢا,رمبيݢ
berembik,برامبيق,برمبيق
remeh-temeh,ريميه٢,ريميه-تيميه
remia,ريميا,رميا
remisier,ريميسيير,ريميسيئر
beremos,برايموس,بريموس
perempahan,ڤرامڤهن,ڤرمڤهن
rempah-rempah,رمڤه-رمڤه,رمڤه٢
berempak,برامڤق,برمڤق
rempak,رمڤق,ريمڤق
rempat,رمڤت,ريمڤت
merempat,مرمڤت,مريمڤت
berempuh-rempuh,برامڤوه-رمڤوه,برمڤوه-رمڤوه
rena,رينا,رنا
renal,رنل,رينل
berenang-renang,برايڠڠ-رنڠ,برنڠ-رنڠ
berencana,برانچان,برنچان
rencang,رنچڠ,رينچڠ
berencetan,براينچيتن,برينچيتن
berenda,برايندا,بريندا
berenda-renda,برايندا-ريندا,بريندا-ريندا
kerendahan,کريندهن,کرندهن
merendah-rendahkan,مرينده-رندهکن,مرنده-رندهکن
perendahan,ڤرايندهن,ڤرندهن
terendah,تراينده,ترنده
berendam,برايندم,برندم
terendam,تراندم,ترندم
rendang,ريندڠ,رندڠ
berendang,برايندڠ,برندڠ
direndang,دريندڠ,درندڠ
merendang,مريندڠ,مرندڠ
perendangan,ڤريندڠن,ڤرندڠن
rendeng,رينديڠ,رندڠ
berendeng,براينديڠ,برينديڠ
rendet,رينديت,رندت
berenga,براڠا,برڠا
berengap,براڠڤ,برڠڤ
rengga,رڠݢ,ريڠݢ
renggang,ريڠݢڠ,رڠ-ݢ-ڠ
berenggang,براڠݢڠ,برڠݢڠ
merenggang,مريڠݢڠ,مرڠݢڠ
merenggangkan,مريڠݢڠکن,مرڠݢڠکن
terenggang,تراڠݢڠ,ترڠݢڠ
berengkel,برايڠکيل,بريڠکيل
berengkel-rengkel,برايڠکيل-ريڠکيل,بريڠکيل-ريڠکيل
merenta-renta,مرنتا-رينتا,مرنتا-رنتا
renta,رنتا,رينتا
berentak,برانتق,برنتق
rentak,رنتق,رينتق
rentan,رينتن,رنتن
berentangan,برانتڠن,برنتڠن
merentang-rentang,مرنتڠ-رينتڠ,مرنتڠ-رنتڠ
rentang,رنتڠ,رينتڠ
merentang-rentang,مرنتڠ-رينتڠ,مرينتڠ-رينتڠ
rente,رينتي,رينتى
reorganisasi,ريورݢانيساسي,ريئورݢانيساسي
reorganisir,ريورݢانيسير,ريئورݢانيسير
mereorganisir,مريورݢانيسير,مريئورݢانيسير
reorientasi,ريوريئينتاسي,ريئوريئينتاسي
rep,رڤ,ريڤ
merepatriaskan,مريڤاترياسکن,مريڤاترياسيکن
repeten,ريڤيتن,ريڤتين
repolper,ريڤولڤر,رڤولڤر
bererakan,برارقن,بررقن
mererak,مريرق,مررق
bererot,برايروت,بريروت
beresah-resah,برايسه-رسه,برسه-رسه
resensi,ريسينسي,رسينسي
reserse,ريسيرسي,رسيرسي
resimen,ريسيمن,رسيمين
beresipi,برايسيڤي,بريسيڤي
beresit,برايسيت,برسيت
resmi,ريسمي,رسمي
respek,ريسڤيق,ريسڤيک
reta,رتا,ريتا
reverend,رۏريند,رۏرند
reyot,ريوت,رييوت
riadah,رياده,رياضه
beriadah,برعاده,برياضه
beriang,براياڠ,برياڠ
riayah,ريايه,رعايه
riba,ريبا,رباء
beribu,برايبو,بريبو
beribut,برايبوت,بريبوت
beridip,برايديڤ,بريديڤ
ridwan,ريدوان,رضوان
rijalulghaib,رجالالحيب,رجالالغيب
rikaz,ريکز,رکاز
berim,برايم,بريم
berima,برايما,بريما
berimba,برايمبا,بريمبا
memperingankan,ممڤرايڠنکن,ممڤريڠنکن
meringani,مريڠاني,مريڠني
beringgi,برايڠݢي,بريڠݢي
beringgit,برايڠݢيت,بريڠݢيت
beringgit-ringgit,برايڠݢيت-ريڠݢيت,بريڠݢيت-ريڠݢيت
teringkuk,ترايڠکوق,تريڠکوق
terintang,تراينتڠ,ترينتڠ
berintik,براينتيق,برينتيق
riparian,ريڤارين,ريڤاريان
risalah,ريساله,رساله
berisik,برايسيق,بريسيق
berisiko,برايسيکو,بريسيکو
riyak,رييق,رياء
meriyakkan,مرييقکن,مرياءکن
perizaban,ڤريذبن,ڤريزبن
rizoid,ريزوءيد,ريزويد
beroda,براودا,برودا
rok,روق,روک
beroket,براوکيت,بروکيت
beroman,براومن,برومن
berombongan,براومبوڠن,برومبوڠن
dironai,دروناي,دروناءي
meronai,مروناي,مروناءي
berondok,براوندوق,بروندوق
berongga,براوڠݢ,بروڠݢ
dironggai,دروڠݢاي,دروڠݢاءي
meronggai,مروڠݢاي,مروڠݢاءي
beronggok,براوڠݢوق,بروڠݢوق
berongkol,براوڠکول,بروڠکول
beropol,براوڤول,بروڤول
beropol-ropol,براوڤول-روڤول,بروڤول-روڤول
berosak,براوسق,بروسق
beroset,براوسيت,بروسيت
berotan,براوتن,بروتن
dirotani,دروتاني,دروتني
merotani,مروتاني,مروتني
beroyal-royal,براويل-رويل,برويل-رويل
ruadat,روادت,روادة
ruah,رواه,رواح
berubah,براوبه,بروبه
perubahan,ڤراوبهن,ڤروبهن
rubai,روباي,رباعي
rubarb,روبرب,روبارب
rubela,روبلا,روبيلا
rubiah,روبيه,روبياه
berugi,براوݢي,بروݢي
ruhulkudus,روهالقدوس,روحالقدس
berujukkan,براوجوقکن,بروجوعکن
dirujuki,دروجوعي,دروجوعکي
perujuk,ڤروجوق,ڤروجوع
terujuk,تراوجوق,تروجوع
rukhsah,رخصه,رخصة
rukuk,روکوق,رکوع
merukuk,مروکوق,مروکوع
rukyatulhilal,روءيةالحلال,روءيةالهلال
berumah,براومه,برومه
berumahkan,براومهکن,برومهکن
berumbai-rumbai,براومباي-رومباي,برومباي-رومباي
berumbai-rumbaikan,براومباي-رومبايکن,برومباي-رومبايکن
berumpun,براومڤون,برومڤون
berumpun-rumpun,براومڤون-رومڤون,برومڤون-رومڤون
beruncit,براونچيت,برونچيت
beruncit-runcit,براونچيت-رونچيت,برونچيت-رونچيت
berunding,براونديڠ,برونديڠ
berungas,براوڠس,بروڠس
berunggas-runggas,براوڠݢس-روڠݢس,بروڠݢس-روڠݢس
dirungkup,دروڠکوڤ,دروڠکوم
beruntun,براونتون,برونتون
beruntun-runtun,براونتون-رونتون,برونتون-رونتون
meruntun-runtun,مرونتون-رونتون,مررونتون-رونتون
berupa,براوڤا,بروڤا
berupa-rupa,براوڤا-روڤا,بروڤا-روڤا
terupa,تراوڤا,تروڤا
berusuh,براوسوه,بروسوه
merutai,مروتاءي,مروتاي
ruwet,روويت,رووت
sabah,سبح,سابه
kesabahan,کسبهن,کسابهن
sabasani,سباساني,ساباساني
sabat,سبت,سابت
sabatikal,سباتيکل,ساباتيکل
sabel,سبل,سابل
disabit,دابت,دسابيت
sabit,سابيت,ابت
bersabit,برابيت,برابت
mensabitkan,منثبيتکن,منثابتکن
sabitan,سابيتن,ابتن
sabitah,سبيطة,ابتة
sad,ساد,سد
sad,ساد,صاد
menyadai,مڽاداءي,مڽاداي
sadarulkalam,صدرالکلم,صدرالکلام
sadaya,ساداي,سداي
sadik,ساديق,صادق
mensadikkan,منساديقکن,منصادقکن
safa,سفا,صفا
safan,صفان,صفا
safan-safa,سفاس٢,صفا-صفا
safari,سفري,سافاري
safi,سافي,صفي
safsaf,صفسف,صفصف
sage,ساݢي,ساݢى
saghir,سغير,صغير
sah,سه,صح
disahkan,دسهکن,دصحکن
kesahan,کسهن,کصحن
pengesah,ڤڠسه,ڤڠصح
pengesahan,ڤڠسهن,ڤڠصحن
bersahaja-sahaja,برسهاج٢,برسهاجا-سهاج
saham,سهم,ساهم
sahara,سهارا,صحراء
saharah,سهارة,سحاره
sahib,صحيب,صاهب
sahibulfadilah,صاهبالفضيله,صاهبالفضيلة
sahibulhikayat,صاهبالحکاتية,صاهبالحکاية
sahih,سحيح,صحيح
disahihkan,دسحيحکن,دصحيحکن
sahir,ساهير,ساهر
sahsiah,شهسية,شخصية
sai,ساي,سعي
bersai,برساي,برسعي
saidani,سايداني,سيداني
saidi,ساءيدي,سيدي
saif,ساءيف,سيف
sailan,ساءيلن,سايلن
sair,ساءير,سعير
saksi,سکسي,سقسي
sakulus,سکولوس,ساکولوس
salad,سلد,سالد
salaf,صلف,سلف
bersalahan,برسلهن,برسالهن
bersalah-salahan,برسله-سالهن,برساله-سالهن
menyalahajarkan,مڽلهاجرکن,مڽالهاجرکن
menyalahgunakan,مڽلهݢوناکن,مڽالهݢوناکن
menyalai,مڽالاءي,مڽالاي
salajur,سلاجور,سالاجور
salak,سلاق,سالق
menyalaki,مڽلاقي,مڽالقي
salakan,سلاءکن,سالقن
menyalami,مڽالمي,مڽلامي
salat,سلة,صلاة
salbi,لبي,صلبي
salbu,لبو,سلبو
disalib,دساليب,دصليب
tersalib,ترسليب,ترصليب
menyalini,مڽليني,مڽاليني
sallallahualaihiwasallam,صلاللحالحلحالحالملم,صلىاللهعليهوسلم
bersaluir,برسلوءير,برسالوءير
menyaluti,مڽلوتي,مڽالوتي
bersama-sama,برسام٢,برساما-سام
menyama-nyama,مڽاما-ڽام,مڽاما-ڽاما
samad,سمد,صمد
samampai,ساممڤاي,سممڤاي
samawi,سموي,سماوي
samba,سامبا,سمبا
bersamba,برسامبا,برسمبا
sambal,سامبل,سمبل
sambalan,سامبلن,سمبلن
disambalewakan,دسمباليواکن,سمباليواکن
sambangan,سامبڠن,سمبڠن
menyambar-nyambar,مڽمبر-ڽامبر,مڽامبر-ڽامبر
menyambat,مڽمبت,مڽامبت
sambur-limbur,سامبور٢,سامبور-ليمبور
bersambut,برسامبوت,برسمبوت
sambut-menyambut,سمبوت-مڽامبوت,سمبوت-مڽمبوت
sampah,سامڤه,سمڤه
sampang,سمڤڠ,سامڤڠ
disampang,دسمڤڠ,دسامڤڠ
menyampang,مڽمڤڠ,مڽامڤڠ
tersampang,ترسمڤڠ,ترسامڤڠ
sampar,سمڤر,سمڤار
sampat,سمڤت,سامڤت
sampel,سمڤل,سامڤل
pensampelan,ڤنسمڤلن,ڤنسامڤلن
sampi,سمڤي,سامڤي
sampil,سمڤيل,سامڤيل
menyampul,مڽمڤول,مڽامڤول
samum,ساموم,سموم
kesanakan,کسانقن,کساناکن
sanat,سانت,سنة
sanatu,ساناتو,سناتو
sanatulhijrah,سنةالحجرة,سنةالهجرة
sanawi,ساناوي,انوي
sanbal,سانبل,سنبل
sanca,سانچا,سنچا
sanda,سندا,ساندا
menyandakan,مڽنداکن,مڽانداکن
sandi,سندي,ساندي
disandingkan,دسانديڠکن,دسنديڠکن
penyandiwarakan,ڤڽنديواراکن,ڤڽنديواراءن
sando,سندو,ساندو
sandung,ساندوڠ,سندوڠ
disandung,دساندوڠ,دسندوڠ
menyandung,مڽاندوڠ,مڽندوڠ
sandungan,ساندوڠن,سندوڠن
tersandung,ترساندوڠ,ترسندوڠ
sangapa,ساڠاڤ,سڠاڤ
disangka,دساڠک,دسڠک
disangkakan,دساڠکاکن,دسڠکاکن
menyangka,مڽاڠک,مڽڠک
menyangkakan,مڽاڠکاکن,مڽڠکاکن
sangkal,سڠکل,ساڠکل
bersangkal,برسڠکل,برساڠکل
penyangkalan,ڤڽڠکلن,ڤڽاڠکلن
sangkalan,سڠکلن,ساڠکلن
menyangkap,مڽاڠکڤ,مڽڠکڤ
sangkil,سڠکيل,ساڠکيل
menyangkut,مڽاڠکوت,مڽڠکوت
sani,ساني,صانع
sanik,سانع,صانع
sanjung,سنجوڠ,سانجوڠ
menyanjung,مڽنجوڠ,مڽانجوڠ
menyanjung-nyanjung,مڽنجوڠ-ڽانجوڠ,مڽانجوڠ-ڽانجوڠ
menyanjung-nyanjungkan,مڽنجوڠ-ڽانجوڠکن,مڽانجوڠ-ڽانجوڠکن
sanjungan,سنجوڠن,سانجوڠن
sanserif,سنسريف,سنسيريف
bersantap,برسنتڤ,برسانتڤ
persantapan,ڤرسنتڤن,ڤرسانتڤن
santapan,سنتڤن,سانتڤن
santir,سانتير,سنتير
santiran,سانتيرن,سنتيرن
sapa-menyapa,سڤا-مڽاڤ,ساڤ-مڽاڤ
sape,سڤي,ساڤي
sapersi,سڤرسي,سڤيرسي
disarai,دساراي,دساراءي
menyarai,مڽاراي,مڽاراءي
sara-bara,سارا٢,سارا-بارا
saraf,سرف,صرف
saraf,سرف,سارف
menyarankan,مڽرنکن,مڽارنکن
bersarang-sarang,برسارڠ٢,برسارڠ-سارڠ
saraya,سراي,سارايا
menyaraya,مڽاراي,مڽارايا
sarer,سارر,سارير
sarih,ساريه,صريح
sasakala,ساساکالا,سساکالا
satah,ساته,سطح
saudara-bersaudara,ساودارا٢ڽ,ساودارا-برساودارا
saudari,ساودري,ساوداري
saukan,ساوکن,ساءوقن
saum,ساءوم,صوم
savana,ساۏان,ساۏانا
sawab,صواب,واب
sayidina,سيدينا,سيدنا
sayugia,سايوݢيا,سيوݢيا
sebak,سيبق,سبق
disebakkan,دسيبقکن,دسبقکن
menyebakkan,مڽيبقکن,مڽبقکن
sebar,سبر,سيبار
ketersebaran,کترسيبرن,کترسيبارن
sebaran,سبرن,سيبارن
sebat,سبت,سيبت
kesebatan,کسبتن,کسيبتن
disebat,دسيبت,دسبت
menyebuk,مڽبوق,مڽبوت
sebum,سبوم,سيبوم
sedak,سدق,سيدق
menyedak,مڽدق,مڽيدق
sedan,سيدن,سدن
sedan-sedu,سدن٢,سدن-سدو
sedatif,سداتيف,سيداتيف
sedimen,سديمن,سيديمن
segak,سݢق,سکق
disegak,دسيݢق,دسݢق
segak,سݢق,سيݢق
menyegak,مڽݢق,مڽيݢق
menyegakkan,مڽݢقکن,مڽيݢقکن
segar-bugar,سݢر٢,سݢر-بوݢر
segara,سݢارا,سݢرا
segel,سݢيل,سيݢيل
bersegi,برسݢي,برس-ݢي
segmen,سيݢمين,سيݢمن
seharah,سهاره,سحاره
seilometer,سايلوميتر,ساءيلوميتر
seismos,سيئسموس,سيسموس
seka,سيکا,سيک
disekai,دسيکاي,دسيکاءي
sekah,سکه,سيکه
sekan,سکن,سيکن
sekeram,سکرم,سکيرم
sekering,سکريڠ,سيکريڠ
seket,سکيت,سيکيت
sekiki,سکيقي,سکيکي
sekonyong-konyong,سکوڽوڠ٢,سکوڽوڠ-کوڽوڠ
sekuriti,سکوريتي,سيکوريتي
bersela-sela,برسلا٢,برسلا-سلا
diselai,دسلاي,دسلاءي
menyelai,مڽلاي,مڽلاءي
sela,سلا,سيلا
menyelakan,مڽلاکن,مڽيلاکن
selabar,سلبر,سلابر
selaberak,سلبرق,سلابرق
diselak,دسيلق,دسلق
selak-selok,سلق-سلوق,سلق-سيلوق
selak,سلق,سيلق
menyelak,مڽلق,مڽيلق
menyelakkan,مڽلقکن,مڽيلقکن
menyelak-nyelak,مڽلق-ڽيلق,مڽيلق-ڽيلق
terselak,ترسلق,ترسيلق
selaman,سلامن,سلمن
selambut,سلمبوت,سلامبوت
selangan,سلاڠن,سلڠن
selatan,سلتن,سلاتن
selawat,سلاوت,صلوات
menyelawatkan,مڽلاوتکن,مڽلواتکن
selebaran,سلبرن,سلبارن
menyelektir,مڽليکتير,مڽيليکتير
selema,سلما,سليما
terselempang,ترسليمڤڠ,ترسلمڤڠ
selempang,سلمڤڠ,سليمڤڠ
selender,سليندير,سليندر
selepang,سلڤڠ,سليڤڠ
selepe,سليڤي,سيليڤي
selepetan,سليڤيتن,سلڤيتن
selidikilah,دليديقيله,دسليديقيله
seloka,سلوک,سلوکا
selokan,سلوکن,سيلوکن
selok-belok,سيلوق٢,سيلوق-بيلوق
selom,سلوم,سيلوم
diselonsongi,دسلونسوڠي,دسلوڠسوڠي
selulase,سلولاسى,سيلولاسى
selumbari,سلومبري,سلومباري
sema,سما,سيما
sema-sema,سما٢,سيما٢
menyemak,مڽيمق,مڽمق
menyemakkan,مڽيمقکن,مڽمقکن
semak,سمق,سيمق
semakan,سماکن,سيمقن
seman,سمن,سيمن
kesemanan,کسمنن,کسيمنن
semandera,سمندرا,سمنديرا
semantah,سمنته,سمانته
semantik,سمنتيق,سمنتيک
semantung,سمنتوڠ,سمانتوڠ
semarai,سماراي,سمراي
disematkan,دسيمتکن,دسمتکن
bersembah,برسيمبه,برسمبه
sembai,سمباي,سيمباي
menyembai,مڽمباءي,مڽيمباي
sembang,سمبڠ,سيمبڠ
sembar,سمبر,سيمبر
disembat,دسيمبت,دسمبت
menyembat,مڽيمبت,مڽمبت
sembat,سمبت,سيمبت
sembeta,سمبتا,سمبيتا
kesembilan-sembilan,کسمبيل-سمبيلن,کسمبيلن-سمبيلن
bersembunyi-sembunyian,برسمبوڽي٢,برسمبوڽي-سمبوڽين
semen,سيمين,سيمن
bersemi,برسيمي,برسمي
semi,سمي,سيمي
semikonduktor,سميکوندوقتور,سيميکوندوکتور
seminar,سمينر,سيمينر
seminari,سمينري,سيمينري
seminaris,سيميناريس,سيمينريس
semiparasit,سميڤاراسيت,سيميڤاراسيت
semipro,سميڤرو,سيميڤرو
semi-profesional,سميڤروفيسيونل,سيميڤروفيسيونل
bersempak-sempak,برسيمڤق-سمڤق,برسمڤق-سمڤق
sempak,سمڤق,سيمڤق
semunian,سمونين,سمونيان
sena,سنا,سينا
tersenak,ترسينق,ترسنق
senamaki,سنامقي,سناماکي
senang-lenang,سنڠ٢,سنڠ-لينڠ
senapati,سناڤتي,سيناڤاتي
senat,سنت,سينت
senator,سناتور,سيناتور
senawi,سناوي,انوي
mempersendakan,ممڤرسينداکن,ممڤرسنداکن
disendak,دسيندق,دسندق
bersendi,برسيندي,برسندي
senen,سينين,سنين
sengangar,سڠاڠر,سڠڠر
sengelat,سڠلت,سڠيلت
senget,سڠيت,سيڠيت
disenggangkan,دسيڠݢڠکن,دسڠ-ݢڠکن
menyenggangkan,مڽيڠݢڠکن,مڽڠݢڠکن
senggolan,سڠݢولن,سيڠݢولن
sengkalan,سڠکلن,سڠکالن
bersengkang,برسيڠکڠ,برسڠکڠ
disengkang,دسيڠکڠ,دسڠکڠ
menyengkang,مڽيڠکڠ,مڽڠکڠ
tersengkang,ترسيڠکڠ,ترسڠکڠ
sengkang,سڠکڠ,سيڠکڠ
sengkelat,سڠکلت,سڠکيلت
disengker,دسيڠکير,دسڠکر
kesengsem,کسيڠسيم,کسڠسم
seniwan,سنيوان,سنيون
senjang,سنجڠ,سينجڠ
senta,سنتا,سينتا
menyenta,مڽنتا,مڽينتا
disentak,دسينتق,دسنتق
disentakkan,دسينتقکن,دسنتقکن
sentak,سنتق,سينتق
menyentak,مڽنتق,مڽينتق
menyentakkan,مڽنتقکن,مڽينتقکن
disental,دسينتل,دسنتل
senter,سينتير,سينتر
menyenteri,مڽنتري,مڽينتيري
sentiare,سنتياري,سينتيارى
senyur,سڽور,سيڽور
sep,سڤ,سيڤ
sepah,سڤه,سيڤه
bersepah-sepah,برسيڤه-سڤه,برسيڤه-سيڤه
menyepah,مڽڤه,مڽيڤه
menyepahkan,مڽڤهکن,مڽيڤهکن
disepak,دسيڤق,دسڤق
penyepak,ڤڽيڤق,ڤڽڤق
sepakan,سڤاکن,سڤقن
tersepak,ترسيڤق,ترسڤق
sepak,سڤق,سيڤق
menyepak,مڽڤق,مڽيڤق
menyepakkan,مڽڤقکن,مڽيڤقکن
sepakan,سڤاکن,سيڤقن
sepasan,سڤسن,سڤاسن
sepelan,سڤلن,سڤيلن
sepeling,سڤليڠ,سڤيليڠ
sepeng,سڤيڠ,سيڤيڠ
seperadian,سڤرادين,سڤراديان
sepet,سڤت,سيڤيت
menyepetkan,مڽڤيتکن,مڽيڤيتکن
menyepion,مڽڤيون,مڽڤييون
septisemia,سڤتيسيميا,سيڤتيسيميا
diserah,دسيره,دسره
penyerah,ڤڽيره,ڤڽره
serahi,سرهي,سراهي
serah,سره,سيره
serai,سراي,سيراي
terserai,ترسراي,ترسيراي
serak,سرق,سيرق
seraman,سرمن,سرامن
seramik,سراميق,سيراميک
seran,سرن,سيرن
berserang,برسيرڠ,برسرڠ
diserang,دسيرڠ,دسرڠ
penyerang,ڤڽيرڠ,ڤڽرڠ
penyerangan,ڤڽيرڠن,ڤڽرڠن
serang,سرڠ,سيرڠ
seranggung,سرڠݢوڠ,سرڠ-ݢ-وڠ
serap,سرڤ,سيرڤ
diserapkan,دسرڤکن,دسيرڤکن
menyerapkan,مڽرڤکن,مڽيرڤکن
seraunometer,سراونوميتر,سيراونوميتر
seraya,سراي,سرايا
menyeraya,مڽراي,مڽرايا
seraya-menyeraya,سرايا-مڽراي,سرايا-مڽرايا
keserbasalahan,کسربسلهن,کسرباسالهن
serban-serba,سربن٢,سربن-سربا
serbarasa,سربراس,سرباراس
serebelum,سربلوم,سيريبيلوم
serem,سريم,سرم
seremban,سرمبن,سريمبن
sereng,سيريڠ,سريڠ
berserenjang,برسرينجڠ,برسرنجڠ
seresari,سرسري,سرساري
seret,سريت,سيريت
seretan,سرتن,سيريتن
seri,سري,سيري
berserif,برسريف,برسيريف
serigrafi,سريݢرافي,سيريݢرافي
serikaya,سريکاي,سريکايا
keseriusan,کسريوسن,کسيريوسن
sersi,سرسي,سيرسي
serta-menyertai,سرتا-مڽرتاي,سرتا-مڽرتاءي
sertipikat,سرتيڤيکت,سيرتيڤيکت
serum,سروم,سيروم
diserum,دسروم,دسيروم
menyerum,مڽروم,مڽيروم
disesah,دسيسه,دسسه
bersesak,برسيسق,برسسق
tersesak,ترسيسق,ترسسق
bersesal-sesalan,برسسل-سسلن,برسسلسسلن
sesi,سسي,سيسي
mengeset,مڠيسيت,مڠسيت
setan,ستن,سيتن
disetankan,دستنکن,دسيتنکن
kesetanan,کستنن,کسيتنن
mempersetankan,ممڤرستنکن,ممڤرسيتنکن
setandang,ستاندڠ,ستندڠ
setek,ستيق,ستيک
menyetel,مڽيتيل,مڽتيل
seteleng,ستيليڠ,سيتيلڠ
menyetelengkan,مڽتيليڠکن,مڽيتيلڠکن
seteling,ستليڠ,ستيليڠ
menyeteling,مڽتليڠ,مڽتيليڠ
seter,ستير,سيتير
seti,ستي,سيتي
setiausaha,ستياوسها,ستياءوسها
seting,ستيڠ,سيتيڠ
setinggan,ستيڠݢن,ستي-ڠ-ݢن
setoka,ستوک,ستوکا
setui,ستوي,ستوءي
menyewat,مڽيوات,مڽيوت
sewu,سوو,سيوو
siapa-siapa,سياڤ٢,سياڤا٢
siarah,سياره,سيارة
siarat,سيارت,سيارة
menyidai,مڽيداءي,مڽيداي
siddiq,صيديق,صديق
sidik,سيديق,صديق
sidratulmuntaha,ددرةالمنتها,سدرةالمنتهى
sifar,سيفر,صفر
disifatkan,دسيفتکن,دصيفتکن
sika,سيک,سيکا
sikhisme,سيخيسمى,سيکيسمى
silabik,سيلابيق,سيلابيک
silang-pukang,سيلڠ٢,سيلڠ-ڤوکڠ
silang-siur,سيلڠ٢,سيلڠ-سيور
silikone,سيليکوني,سيليکونى
menyimpai,مڽيمڤاءي,مڽيمڤاي
disimpirkan,دسيمڤيرکن,دسيڤيرکن
menyimpirkan,مڽيمڤيرکن,مڽيڤيرکن
sinar-x,سينر٢,سينر-ايکس
sinau-seminau,سيناو٢,سيناو-سميناو
mempersinggah,ممڤرسيڠݢه,ممڤرسيڠ-ݢه
singgang,سيڠݢڠ,سيڠݢ-ڠ
singgung,سيڠݢوڠ,سيڠݢ-وڠ
penyingkapan,ڤڽيڠکڤن,مڽيڠکڤن
sipahi,سيڤهي,سيڤاهي
sipesan,سيڤيسن,سيڤسن
sir,سير,سر
siratulmustakim,سراطالمستقيم,صراطالمستقيم
siren,سيرين,سيرن
sirene,سيريني,سيرينى
sirkuler,سيرکولر,سيرکولير
bersitegang,برسيتݢڠ,ب-رسيت-ݢڠ
siya,سيي,سييا
skabies,سکابيئس,سکابييس
sod,سود,صاد
sofistikated,سوفيستيکاتيد,سوفيستيکاتد
soga,سوݢا,سوݢ
sok,سوق,سوک
soka,سوک,سوکا
mengesol,مڠيسول,مڠسول
solat,سولت,صلاة
solder,سولدر,سولدير
soleh,صوليه,صالح
kesolehan,کصوليهن,کصالحن
solenoid,سولينوءيد,سولنوءيد
solider,سوليدر,سوليدير
kesolideran,کسوليدرن,کسوليديرن
solihin,صوليهن,صالحين
somet,سوميت,سومت
sorakan,سوراکن,سورقن
sosiobudaya,سوسيوبوداي,سوسيوبودايا
speaker,سڤياکر,سڤيکر
spekulan,سڤکولن,سڤيکولن
spermatozoon,سڤرماتوزوءن,سڤرماتوزون
spesies,سڤيسييس,سڤيسيس
spoiler,سڤوءيلر,سڤويلر
springbok,سڤريڠبوق,سڤريڠبوک
stabilisasi,ستبيليساسي,ستابيليساسي
stafaj,ستفج,ستافج
penstardardan,ڤنستردردن,ڤنستندردن
stengan,ستيڠن,ستينݢن
steppe,ستيڤي,ستيڤ
menstereotaipkan,منسيريوتاءيڤکن,منستيريوتاءيڤکن
disteril,دستريل,دستيريل
kesterilan,کستريلن,کستيريلن
stout,ستوءت,ستاءوت
starategis,ستاراتݢيس,ستراتيݢيس
strawberi,ستروبري,ستروبيري
sturgeon,ستورݢيون,ستورݢييون
bersubahat,برسوبهت,برسوباهت
persubahatan,ڤرسوبهتن,ڤرسوباهتن
subartik,سوبرتيک,سوبارتيک
subbudaya,سوببوداي,سوببودايا
subgenus,سوبݢنوس,سوبݢينوس
subhanahuwataala,سبحنهوةالالالالالالالالالالالالالالالالالالالا,سبحانهوتعالى
subjudice,سوبجودي,سوبجوديس
suborder,سوبوردر,سوبئوردر
subordinat,سوبوردينت,سوبئوردينت
subsidairi,سوبسيدايري,سوبسيدياري
subspesies,سوبسڤيسيئس,سوبسڤيسيس
ketidaksuburan,کتيدقصوبرن,کتيدقسوبورن
sesudah-sudahnya,سسوده٢ڽ,سسوده-سودهڽ
sufi,سوفي,صوفي
kesufian,کسوفين,کصوفين
sufisme,سوفيسمى,صوفيسمى
sufistik,سوفيستيک,صوفيستيک
bersuka-suka,برسوک٢,برسوکا-سوک
bersuka-sukaan,برسوک-سوکاءن,برسوکا-سوکاءن
disukai,دسوکاي,دسوکاءي
sesuka-suka,سسوک٢,سسوکا-سوک
sukamandi,سوکمندي,سوکامندي
sukarelawati,سوکارلاواتي,سوکاريلاواتي
suki,سوقي,سوکي
sulalah,سولاله,سلالة
sulfat,صلفة,سولفت
sultana,سلطان,سولتانا
sultanah,سلطانه,سلطانة
sulub,سولوب,صلب
suluk,سولوق,سلوق
bersuluk,برسولوق,برسلوق
sumbar,سومبر,سومبار
bersumbar,برسومبر,برسومبار
menyumbar,مڽومبر,مڽومبار
disunahkan,دسونهکن,دسنهکن
sundae,سونداي,سونداى
sundari,سوندري,سونداري
bersungguh-sungguh,برسوڠݢوه٢,برسوڠݢوه-سوڠݢوه
bersunyi-sunyi,برسوڽي٢,برسوڽي-سوڽي
supaya,سوڤاي,سوڤايا
superego,سوڤريݢو,سوڤرئيݢو
suplementari,سوڤليمينتاري,سوڤليمنتاري
supletoar,سوڤليتوار,سوڤليتووار
sura,سورا,شورا
surah,سوره,سورة
suraya,سوراي,سورايا
suruh-suruhan,سوروه٢,سوروه-سوروهن
suspek,سوسڤيق,سوسڤيک
susur-galur,سوسور٢,سوسور-ݢالور
sutan,سوتن,سوتان
bersutan,برسوتن,برسوتان
bersutan-sutan,برسوتن-سوتن,برسوتان-سوتان
sutuh,سوتوه,سطوح
suun,سوون,سوءون
sweater,سوياتر,سويتر
syabah,شبه,شابه
syabi,شبي,شابي
syafaat,شفعة,شفاعة
syah,شه,شاه
syahadah,شهدة,شهادة
syahadan,شهدن,شهدان
syahadat,شهدة,شهادة
bersyahadat,برشهادت,برشهادة
syahbandar,شهباندر,شهبندر
kepenyairan,کڤڽاءيرن,کڤڽعيرن
penyair,ڤڽاءير,ڤڽعير
kesyaitanan,کشيطنن,کشيطانن
syajarat,شجرت,شجرة
mengesyak,مڠشق,مڠشک
syakar,شکر,شاکر
syakduf,شکدوف,شقدوف
syala,شلا,شالا
syamali,شملي,شمالي
syarah,شره,شرح
bersyarah,برشره,برشرح
pensyarah,ڤنشره,ڤنشرح
syariah,شرعة,شرعية
syariah,شرعة,شريعة
disyariatkan,دشريعةکن,دشريعتکن
syarie,شريع,شرعي
syaulam,شولم,شاولم
syed,شيد,سيد
syer,شر,شير
syeri,شري,شيري
syiar,شيعر,شعار
syifa,شيفا,شفاء
disyukuri,دشوکري,دشوکوري
syumul,شومول,شمول
syura,شرا,شورى
syurah,شره,شراح
mensyurahkan,منشرهکن,منشراهکن
syuruk,شروع,شروق
ta,تا,تاء
menaakul,منعاکول,منعقول
taala,تعالا,تعالى
taaruf,تعروف,تعارف
ketaasuban,کطاصوبن,کتعصوبن
mentaasubi,منطاصوبي,منتعصوبي
taat,تعة,طاعة
ketaatsetiaan,کتاءتستياءن,کطاعتستياءن
ketidaktaatan,کتيدقتعتن,کتيدقطاعتن
mentaati,منطعتي,منطاعتي
taazur,تعزور,تعذور
tabal,طبل,تابل
menabalkan,منبلکن,منابلکن
penabalan,ڤنبلن,ڤنابلن
tabar,تبر,تابر
tabaraka,تبراک,تبارک
tabarakallah,تبرکله,تبارکالله
tabayun,تبيون,تبايون
tabel,تبل,تابيل
tabia,طبيع,تابيا
tabii,تبي,طبيعي
tabir-menabir,تبير-منابير,تابير-منابير
bertabur,برتبور,برتابور
bertaburkan,برتبورکن,برتابورکن
bertabur-tabur,برتبور-تابور,برتابور-تابور
taekwando,تييکواندو,تيکواندو
ditafahusi,دتفحسي,دتفحوصي
tafdil,تفديل,تفضيل
tafsil,تفسيل,تفصيل
tafsilan,تفسيلن,تفصيلن
tahajud,تهجود,تهجد
tahalul,تهلل,تحلل
bertahalul,برتهلل,برتحلل
taharah,تهره,طهارة
ketahayulan,کتهيولن,کتحيولن
tahir,تاهير,طاهير
tahlik,تهليق,تعليق
bertahmid,برتهميد,برتحميد
tahniah,تهنيه,تهنيئه
taifah,طاءيفه,طائفة
taik,تاءيق,تايق
taikong,تاءيکوڠ,تايکوڠ
taiming,تاءيميڠ,تايميڠ
tain,تاءين,تعيين
taj,تج,تاج
penaja,ڤناج,ڤناجا
menajamkan,منجمکن,مناجمکن
taka,تاک,تاکا
takadum,تکدوم,تقدوم
takarir,تکرير,تقارير
takbir,تکبير,تعبير
mentakbirkan,منتخبيرکن,منتعبيرکن
penakbiran,ڤنکبيرن,ڤنعبيرن
takbiratulihram,تکبرةالحرام,تکبيرةالاهرام
takeyari,تکييري,تاکيياري
mentakhirkan,منتخيرکن,منتاخيرکن
taklid,تعليد,تقليد
taklif,تعليف,تکليف
taklikat,تعليقت,تعليقة
takmir,تکمير,تعمير
menakrif,منکريف,منعريف
takrir,تکرير,تقرير
taksir,تکسير,تقصير
menaksirkan,منکسيرکن,منقصيرکن
mentaksiskan,منتخصيسکن,منتخصيصکن
takuwih,تکويه,تاکوويه
takuyung,تکويوڠ,تاکويوڠ
takwando,تکواندو,تيکواندو
takwil,تقويل,تاويل
ditakwilkan,دتعويلکن,دتاويلکن
mentakwilkan,منتعوءيلکن,منتاويلکن
takwilan,تعويلن,تاويلن
takwim,تعويم,تقويم
mentalakkan,منطلقکن,منطلاقکن
talasemia,تلاسميا,تالاسيميا
talek,تاليق,تالق
talenan,تالينن,تالنن
tales,تاليس,تالس
talibul-ilmi,طلبالعلم,طالبالعلم
talibun,طالباءن,تليبون
taluki,تالوقي,تلوکي
tamaa,تمعا,طمعا
tamak,تمع,طمع
ketamakan,کتامقن,کطمعن
tamakninah,تمعنيهة,طمانينة
tamam,تمم,تمام
bertaman,برتمن,برتامن
menambah,منامبه,منمبه
penambahbaikan,ڤنمبهباءيکن,ڤنمبهباءيقن
ditambang,دتمبڠ,دتامبڠ
pertambangan,ڤرتمبڠن,ڤرتامبڠن
tambera,تمبرا,تامبرا
tampah,تمڤه,تامڤه
menampak,منامڤق,منمڤق
menampakkan,منامڤقکن,منمڤقکن
ditampali,دتمڤالي,دتمڤلي
menampali,منمڤالي,منمڤلي
tampek,تامڤيق,تامڤق
tampel,تمڤل,تمڤيل
menampel,منمڤل,منمڤيل
menampik,منمڤيق,منامڤيق
penampikan,ڤنمڤيقن,ڤنامڤيقن
tampikan,تمڤيقن,تامڤيقن
setampik,ستمڤيق,ستامڤيق
tampoi,تمڤوي,تامڤوي
tampon,تامڤون,تمڤون
tamponek,تمڤونيق,تامڤونيق
tampu,تامڤو,تمڤو
tampung,تامڤوڠ,تمڤوڠ
bertampung,برتامڤوڠ,برتمڤوڠ
ditampungkan,دتامڤوڠکن,دتمڤوڠکن
menampung,منامڤوڠ,منمڤوڠ
menampungkan,منامڤوڠکن,منمڤوڠکن
penampung,ڤنامڤوڠ,ڤنمڤوڠ
penampungan,ڤنامڤوڠن,ڤنمڤوڠن
tertampung,ترتامڤوڠ,ترتمڤوڠ
tampur,تمڤور,تامڤور
tanbiat,تنبية,تنبيئة
tancang,تانچڠ,تنچڠ
menancang,منانچڠ,مننچڠ
tandatangan,تنداتڠن,تنداتاڠن
bertandatangan,برتنداتڠن,برتنداتاڠن
penandatangan,ڤننداتڠن,ڤننداتاڠن
menanduskan,مناندوسکن,منندوسکن
tanfiziah,تنفيزيه,تنفيذيه
tangan-menangan,تاڠن-منڠن,تاڠن-مناڠن
tangen,تاڠين,تڠݢن
bertanggakan,برتڠݢکن,برتڠݢاکن
ditanggang,دتڠݢڠ,دت-ڠ-ݢڠ
tanggung-menanggung,تڠݢوڠ-منڠݢوڠ,ت-ڠݢوڠ-منڠݢوڠ
menangki-nangkis,منڠکي-نڠکيس,منڠکيس-نڠکيس
tangku-tangku,تڠکو٢,تاڠکو٢
tan sri,تنسري,تن سري
tanwin,تانوين,تنوين
tanzil,تنزل,تنزيل
taoisme,تاءوءيسمى,تاءويسمى
tapestri,تاڤيستري,تڤيستري
tapian,تاڤين,تڤين
setaraf,سترف,سطرف
taragon,تراݢون,تاراݢون
taram,ترم,تارم
taram-temaram,تارم٢,تارم-تمارم
taran,ترن,تارن
taranum,ترانوم,ترنم
tarbiah,تربية,تربيه
tarbus,تربوس,طربوس
bertarbus,برتربوس,برطربوس
tarekat,تريکت,طريقت
taridra,تريدرا,تاريدرا
tarif,تريف,تاريف
tasamuh,تساموه,تسامح
tasaur,تاساءور,تصور
tasawur,تسوور,تصور
tasdik,تسديق,تصديق
ditasdikkan,دتسديقکن,دتصديقکن
mentasdikkan,منتسديقکن,منتصديقکن
tasrif,تسريف,تصريف
taswir,تسوير,تصوير
tasyahud,تشهود,تشهد
tasyrik,تشريک,تشريق
tataadab,تاتاعدب,تاتاادب
tataetika,تاتايتيکا,تاتائيتيکا
ditatah,دتاته,دتاتهکن
tatahukum,تتاحکوم,تاتاهکوم
tatakalimat,تاتاکاليمت,تاتاکليمت
tatakrama,تاتکراما,تاتاکراما
tertatal,ترتطل,ترتاتل
tataletak,تاتاليتق,تاتالتق
tatanan,تاتنن,تاتانن
tatapan,تاتڤن,تتاڤن
ketataprajaan,کتاتڤراجاءن,کتاتاڤراجاءن
tatarakyat,تاتراکيت,تاتارعيت
tataurusan,تاتاوروسن,تاتائوروسن
tatausaha,تاتاوسها,تاتاءوسها
penatausaha,ڤناتاوسها,ڤناتاءوسها
tauci,توچي,تاوچي
taufu,توفو,تاوفو
taufufa,توفوفا,تاوفوفا
tauhu,توهو,تاوهو
tauladan,تولادن,تاولادن
taun,تاءون,طاعون
menaur,مناءور,مناءوي
tauqik,توقيق,توقيع
tautofoni,توتوفوني,تاوتوفوني
tautologi,تاءوتولوݢي,تاوتولوݢي
tawaduk,توادع,تواضع
tawafuk,توافوق,توافق
bertawakallah,برتوکله,برتوکلله
tawaruk,تواروق,توارک
tawon,تاوون,تاون
taya,تاي,تي
tayuban,تايوبن,تيوبن
tazkirah,تزکرة,تذکرة
menebak,منيبق,منبق
tebak,تبق,تيبق
meneban,منبن,منيبن
tebanan,تبنن,تيبنن
bertebang,برتيبڠ,برتبڠ
tertebang,ترتيبڠ,ترتبڠ
tebukan,تبوکن,تبوقن
tedung,تدوڠ,ت-دوڠ
tegukan,تݢوکن,تݢوقن
teisme,تيئسمى,تيئيسمى
diteka,دتيک,دتکا
peneka,ڤنيک,ڤنکا
terteka,ترتيک,ترتکا
tekelek,تيکليق,تيکليک
tekeran,تيکرن,تيکيرن
teki,تيکي,تکي
tekukan,تکوکن,تکوقن
tekyan,تيقين,تيقيان
tela,تلا,تيلا
pertelaan,ڤرتلاءن,ڤرتيلاءن
telampung,تلامڤوڠ,تلمڤوڠ
bertelau-telau,برتلاو-تلاوهو,برتلاو-تلاو
teledera,تيليديرا,تيليدرا
teledor,تيليدور,تليدور
teleinfo,تيليينفو,تيلياينفو
telek,تيليق,تلق
bertelekan,برتيليکن,برتلکن
telemetri,تيليميتري,تيليمتري
teleng,تيليڠ,تلڠ
telengkoh,تيليڠکوه,تليڠکوه
menelentangkan,منلينتڠکن,منلنتڠکن
telepati,تيلڤاتي,تيليڤاتي
teleperubatan,تيليڤروبتن,تيليڤراوبتن
bertelepukkan,برتلڤوقکن,برتلڤوقن
teles,تيليس,تلس
diteliti,دتليتي,دتيليتي
bertemakan,برتماکن,برتيماکن
temaah,تمعاه,طمعه
temah,تمه,تمها
temaha,تمها,تماه
tembang,تيمبڠ,تمبڠ
menembang,منيمبڠ,منمبڠ
tembelian,تمبلين,تمبليان
temea,تميا,طمعا
temen,تيمين,تمن
temenggang,تميڠݢڠ,تمڠݢڠ
ditempang-tempangkan,دتمڤڠ-تيمڤڠکن,دتيمڤڠ-تيمڤڠکن
setempat-tempat,ستمڤت٢,ستمڤت-تمڤت
ditempeli,دتمڤلي,دتيمڤيلي
menempeli,منمڤلي,منيمڤيلي
temperatur,تمڤراتور,تيمڤراتور
temperau,تمڤراو,تمڤيراو
bertemperau,برتمڤراو,برتمڤيراو
tempuh,تمڤوه,تيمڤوه
tempura,تمڤورا,تيمڤورا
tenang,تنڠ,تينڠ
ketenangan,کتنڠن,کتينڠن
menenang,مننڠ,منينڠ
tertendang-tendang,ترتيندڠ-تندڠ,ترتندڠ-تندڠ
tendensi,تيندينسي,تيندنسي
bertendensi,برتيندينسي,برتيندنسي
menender,منيندير,منيندر
bertenggang,برتيڠݢڠ,برت-يڠ-ݢڠ
tertenggang,ترتيڠݢڠ,ترت-يڠ-ݢڠ
tenggar,تيڠݢر,تڠݢر
tenggat,تيڠݢت,تڠݢت
tenggek,تيڠݢيق,تڠݢيق
ditenggek,دتيڠݢيق,دتڠݢيق
menenggek,منيڠݢيق,منڠݢيق
tengkang,تيڠکڠ,تڠکڠ
tengkolok,تيڠکولوق,تڠکولوق
tengung-tenging,تڠوڠ٢,تڠوڠ-تڠيڠ
tenjak,تنجق,تينجق
tenpin,تنڤين,تينڤين
teorem,تيوريم,تيورم
mentep,منتڤ,منتيڤ
tepak,تڤق,تيڤق
tepes,تيڤيس,تڤس
tepok,تيڤوق,تڤوق
terabait,تراباءيت,تيراباءيت
teraflops,ترافلوڤس,تيرافلوڤس
terajam,ترعجم,تراجم
terambu,ترامبو,ترمبو
terampil,ترامڤيل,ترمڤيل
terang-temaram,تراڠ-تمارم,ترڠ-تمارم
terang-temarang,تراڠ-تمارڠ,ترڠ-تمارڠ
terangkera,تراڠکيرا,ترڠکيرا
terangkik,تراڠکيق,ترڠکيق
terapan,تراڤن,ترڤن
terapeutik,تراڤيوتيک,تيراڤيوتيک
terapi,تراڤي,تيراڤي
teratologi,تراتولوݢي,تيراتولوݢي
terawih,تراويه,تراويح
terbui,تربوءي,تربوي
terembesi,تريمبيسي,ترمبسي
terendak,ترايندق,تريندق
terengkek,ترايڠکيق,تريڠکيق
terika,تريک,تريکا
menerika,منريک,منريکا
terilin,ترايلين,تريلين
tering,تريڠ,تيريڠ
teriyaki,تريياقي,تيريياکي
terjahan,ترجاهن,ترجهن
terkaman,ترکامن,ترکمن
termasa,ترماسا,ترماس
termionik,ترميونيک,ترمييونيک
termoelektrik,ترمويليکتريک,ترموايليکتريک
teromel,تروميل,ترومل
terongko,تراوڠکو,تروڠکو
terubin,تراوبين,تروبين
terucuk,تراوچوق,تروچوق
terucukan,تراوچوقن,تروچوقن
teruntum,تراونتوم,ترونتوم
terutup,تراوتوڤ,تروتوڤ
mengetes,مڠيتيس,مڠتيس
testosteron,تيستوسترون,تيستوستيرون
teta,تتا,تيتا
menetak,منيتق,منتق
penetak,ڤنيتق,ڤنتق
tetak-menetak,تتق-منيتق,تتق-منتق
tetani,تتاني,تيتاني
ditetapkan,دتتڤکن,دتتقکن
tetek-bengek,تيتيق٢,تيتيق-بڠيق
tetekkala,تيتيککالا,تيتيقکالا
teterapan,تترڤن,تتراڤن
tetikus,تيتيکوس,تتيکوس
thuluth,ثلوة,ثلث
tiada,تيادا,تياد
meniada,منيادا,منياد
tiadakan,تيادقن,تياداکن
tib,تيب,طب
ditibai,دتيباءي,دتيباي
menibai,منيباءي,منيباي
ketiga-tiga,کتيݢ-تيݢ,کتيݢا-تيݢ
tiagari,تياݢري,تياݢاري
meniagari,منياݢري,منياݢاري
tijarah,تيجاره,تجارة
tilawah,تلاوه,تلاوة
tilawatilquran,تيلاواتيلقران,تلاوةالقرءان
tile,تيلي,تيلى
timarah,تمارة,تيماره
timbre,تيمبري,تيمبرى
menimpai,منيمڤاي,منيمڤاءي
tindan-tindih,تيندن٢,تيندن-تينديه
ting-tong,تيڠ٢,تيڠ-توڠ
tinggam,تيڠݢم,تيڠ-ݢ-م
setinggi-tinggi,ستيڠݢي٢,ستيڠݢي-تيڠݢي
tinggung,تيڠݢوڠ,تيڠ-ݢوڠ
tipe,تيڤي,تيڤى
tipologi,تيڤولوݢي,تيفولوݢي
tiroid,تيروءيد,تيرويد
tituler,تيتولر,تيتولير
tobat,توبت,توبة
toh,توح,توه
token,توکين,توکن
tombong,تومبوڠ,توم-بوڠ
tonggak,توڠݢق,ت-وڠ-ݢق
topik,توڤيق,توڤيک
toraks,تورقس,تورکس
totaliter,توتاليتر,توتاليتير
trak,ترق,ترک
trakeitis,تراکيتيس,تراکياتيس
transendental,ترنسيندنتل,ترنسيندينتل
transparensi,ترنسڤارينسي,ترسڤارينسي
tribrata,تريبرات,تريبراتا
tribune,تريبوني,تريبونى
trimaran,تريمرن,تريمارن
trioksid,تريوکسيد,تريئوکسيد
trout,تروءوت,ترووت
tsar,تر,تزر
ditubrukan,دتوبروکن,دتوبروقکن
tubrukan,توبروکن,توبروقن
menyetubuhi,مڽتوبوهي,منوبوهي
tufah,تفه,تفاح
tufahah,تفهة,تفاهة
tuhfatulajnas,تودفةالجاسن,تحفةاجناس
ketujuh-tujuh,کتوجوه٢,کتوجوه-توجوه
pertukangan,ڤرتوکڠن,ڤرتوکڠي
bertumbukan,برتومبوکن,برتومبوقن
tumpeng,تومڤيڠ,تومڤڠ
tunaaksara,توناکسارا,تونااکسارا
tunapidana,توناڤيدان,توناڤيدانا
tunggang-tenggang,توڠݢڠ٢,توڠݢڠ-تيڠ-ݢڠ
tungkus-lumus,توڠکوس٢,توڠکوس-لوموس
turnamen,تورنامن,تورنامين
turun-temurun,تورون٢,تورون-تمورون
uaian,اوواين,اووايان
menguak,مڠواق,مڠووق
uan,اووان,اوون
menguani,مڠواني,مڠووني
uar,اوور,اووار
diuar-uarkan,داووار-اوارکن,داووار-اووارکن
penguaran,ڤڠوارن,ڤڠووارن
diubah-ubah,داوبه٢,داوبه-اوبه
ketakberubahan,کتقبروبهن,کتقبراوبهن
memperubatkan,ممڤروبتکن,ممڤراوبتکن
perubatan,ڤروبتن,ڤراوبتن
ubrak-abrik,اوبرق-ابيق,اوبرق-ابريق
mengubrak-abrik,مڠوبرق-ابيق,مڠوبرق-ابريق
ucaptama,اوچڤتاما,اوچڤتام
udeng-udeng,اوديڠ٢,اودڠ٢
uduk,اودوق,وضوء
udul-udulan,اودول٢,اودول-اودولن
ugahari,اوݢهاري,اوݢاهاري
ugal-ugalan,اوݢل٢,اوݢل-اوݢلن
menguit,مڠوءيت,مڠوويت
teruit,تروءيت,تراوويت
ujat,اوجت,اوجر
ujud,اوجود,وجود
ukhrawi,اخراوي,اخروي
ukhuwah,اخوة,اخوه
uktab,عقتب,عقتاب
ulama,اولام,علماء
mengulamakan,مڠعلاماکن,مڠعلماءکن
berulang-ulang,براولڠ٢,براولڠ-اولڠ
diulang-ulang,داولڠ٢,داولڠ-اولڠ
ulayah,علاية,اولاية
ulayat,علاية,اولاية
ules,اوليس,اولس
mengules,مڠوليس,مڠولس
ultrakonservatif,اولتراکونسراتيف,اولتراکونسرۏاتيف
uluh-ulai,اولوه٢,اولوه-اولاي
ululazmi,اولعلعزم,اولوالعزم
umanah,اومانه,اومنة
umara,اومارا,امراء
umbalan,اومبلن,اومبالن
umbul-umbul,اوببول٢,اومبول٢
umi,اومي,امي
ummah,اومه,اومة
ummi,اممي,امي
umulbuldan,عملبلدن,امالبلدان
diumumkan,داومومکن,دعمومکن
pengumuman,ڤڠومومن,ڤڠعمومن
terumum,تروموم,ترعموم
pengundang-undang,ڤڠوندڠ٢,ڤڠوندڠ-اوندڠ
ungkang-ungkang,اوڠکڠ-اوڠکڠ,اوڠکڠ٢
ungkit-mengungkit,اوڠکيت٢,اوڠکيت-مڠوڠکيت
unik,اونيق,اونيک
keunikan,کاونيقن,کاونيکن
unsat-unsat,عنصة٢,اونست٢
diperuntukkan,دڤرونتوقکن,دڤراونتوقکن
peruntukan,ڤرونتوقن,ڤراونتوقن
keberuntungan,کبرونتوڠن,کبراونتوڠن
peruntungan,ڤرونتوڠن,ڤراونتوڠن
mengunyai,مڠوڽاءي,مڠوڽاي
ketidakupayaan,کتيداکوڤاياءن,کتيدقاوڤاياءن
ureta,اوريتا,اوريترا
usalli,اوسلي,اصلي
terusik,تروسيق,تراوسيق
usrah,اسرة,اسره
mengusuli,مڠوسولي,مڠوصولي
usuluddin,اسولودين,اصولالدين
terusung,تروسوڠ,تراوسوڠ
usyur,عوشر,عشر
terutusan,تراوتوسن,تراوتوسکن
beruzlah,برازله,برعزله
uzur,عزور,عذور
menguzurkan,مڠوزورکن,مڠعزورکن
vak,ۏق,ۏک
memvaksin,ممۏکسين,ممڤرکسين
valkani,ۏلکاني,ۏالکاني
valuta,ۏلوتا,ۏالوتا
varian,ۏارين,ۏاريان
memvarnis,ممۏرنيس,ممڤرنيس
vegetarian,ۏݢترين,ۏيݢيتاريان
vertebrata,ۏرتيبراتا,ۏرتيبرتا
vis-a-vis,ۏيس٢,ۏيس-ا-ۏيس
volenter,ۏولينتر,ۏولنتير
voyeurisme,ۏويوريسمى,ۏوييوريسمى
wade,وادى,وادي
wadi,وادي,ودي
wadih,واديه,واضح
kewafatan,کوافتن,کوفاتن
wahadaniah,وهدنية,وهدانية
wahah,واهه,واهة
wahai,وهاي,واهاي
wahana,وهان,واهان
wahdaniah,وهدانيه,وهدانية
wahi,واهي,وهي
diwahyukan,دوحيکن,دوحيوکن
wakalah,وکله,وکالة
sewaktu,سيواکتو,سوقتو
walah,واله,وله
mewalakkan,موالقکن,مولقکن
walakin,ولاکن,ولکن
walaru,والارو,ولارو
walet,والت,واليت
wali,والي,ولي
walimana,وليمان,واليمان
walimat,وليمت,وليمة
walimatulurus,وليمةالروس,وليمةالعروس
walkie-talkie,ولکيي٢,ولکي-تولکي
walet,والت,واليت
wallah,والله,وال-ل-ه
wallahi,ولالحي,وال-ل-ه
wallahuaklam,ولالحعلم,وال-ل-هاعلم
wangkang,واڠکڠ,وڠکڠ
wangsa,واڠسا,وڠسا
warak,وارق,ورع
kewarakan,کوارقن,کوارعن
warakatulikhlas,وراکةالعلاس,ورقةالاخلاس
warangan,وارڠن,وراڠن
waras,وراس,وارس
warita,واريتا,وريتا
warkat,ورکة,ورقة
warna-warni,ورنا٢,ورنا-ورني
wartel,ورتل,ورتيل
wasak,واسق,وسق
berwasangka,برواسڠک,بروسڠک
wasi,واسي,وصي
wasikah,واسيقة,ويقه
wasilah,وسيله,وسيلة
wasilat,وسيلت,وسيلة
wasit,واسيت,وسيط
wasitah,وسيطه,واسطه
waslah,وسله,وصلة
wassalam,واسلام,والسلام
watan,واتن,وطن
kewatanan,کواتنن,کوطنن
wataniah,واتانيه,وطنيه
wates,واتيس,واتس
watikah,واتيقه,وتيقه
watt-jam,وات-جم,وت-جم
wayar,وار,واير
wayarles,وايرلس,وايرليس
wazan,واذن,وزن
wedam,ودم,ويدم
wejang,ويجڠ,وجڠ
weker,ويکير,ويکر
welirang,وليرڠ,ويليرڠ
weltanschauung,ويلتنسوڠ,ويلتنسچوڠ
werek,ويريق,ويرق
wesak,ويسق,ويسک
wesel,ويسيل,ويسل
widak,ويدق,وداع
wikalat,وکالت,وکالة
wilayah,ولاية,ولايه
kewingitan,کويڠيتن,کويڠتن
wirid,ويريد,ورد
witir,ويتير,وتر
worawari,ورواري,ووراواري
wuduk,وودوق,وضوء
berwuduk,بروودوق,بروضوء
ya,يا,ياء
memperyahudikan,ممڤراهوديکن,ممڤريهوديکن
yakjujwayakjuj,ياجوجويجوج,ياجوجوماجوج
yakut,ياکوت,ياقوت
yatim,ياتيم,يتيم
yaumul-akhir,يومالير,يوماخير
yaumul-akhirah,يومالره,يوماخيرة
yaumul-kiamah,يومالقامه,يومالقيامة
yaumul-kiamati,يومالقمتي,يومالقيامة
yaumul-mahsyar,يومالمحر,يومالمحشر
yangyat,ياڠيت,يوڠيت
zabah,زبح,ذبح
zahid,زهيد,زاهد
zahir,ظاهر,ظاهير
dizakatkan,دظکتکن,دزکاتکن
menzakatkan,منظکتکن,منزکاتکن
zakfaran,زکفرن,زعفران
zakum,زکوم,زقوم
zal,ظل,ذال
menzalimkan,منظليمکن,منظاليمکن
sezaman,سزمن,سزمان
zati,زاتي,ذاتي
zawiat,زوية,زاوية
zib,زب,زيب
menziharkan,منزهارکن,منظهارکن
zimase,زيماسي,زيماسى
zimmi,زمي,ذمي
perzinaan,ڤرزناءن,ڤرزيناءن
pezina,ڤزينا,ڤزنا
zooekologi,زوءوکولوݢي,زوايکولوݢي
zubah,زبة,ذبح
berzuhud,برزوهد,برزهد
zuhur,ظهور,ظهر
kelabakan,کلابقن,کلابقکن
labi,لبي,لابي
labi-labi,لبي٢,لابي٢
labial,لبيل,لابيال
labiovelar,لابيوۏلر,لابيوۏيلر
labud,لبود,لابد
labudda,لبودا,لابد
meladai,ملاداي,ملاداءي
diladeni,دلاديني,لاديني
laduni,لادوني,لدني
dilaga-lagakan,دلاݢ-لاݢاکن,دلاݢا-لاݢاکن
laguh-lagah,لاݢوه-لاݢه,لاݢوه-اݢه
lailah,لاءيله,ليلة
lailat,لايلت,ليلة
lailahaillallah,لالهاللةالله,لاالهالاالله
lailatulqadar,ليلةالقر,ليلةالقدر
laissez-faire,ليسى٢,ليسى-فير
laiter,لاءيتر,لايتر
lajawardi,لجوردي,لجاوردي
berlakikan,برلاکيقن,برلاکيکن
memperlaki,ممڤرلقي,ممڤرلاکي
laksemi,لقسيمي,لقسمي
laktat,لکتت,لکتات
lalu-landang,لالو-لاندڠ,لالو-لندڠ
selama,سلام,سلاما
lam-alif,لام٢,لا
lamban,لامبن,لمبن
lambaran,لمبرن,لمبارن
lambing,لمبيڠ,لامبيڠ
lambu,لمبو,لامبو
berlambung-lambung,برلامبوڠ-لمبوڠ,برلامبوڠ-لامبوڠ
berlambung-lambungan,برلامبوڠ-لمبوڠن,برلامبوڠ-لامبوڠن
lambut,لمبوت,لامبوت
melambut,ملمبوت,ملامبوت
lamender,لاميندر,لاميندير
lampai,لمڤاي,لامڤاي
melampai,ملمڤاي,ملامڤاي
terlampai,ترلمڤاي,ترلامڤاي
lampam,لمڤم,لامڤم
lancang,لنچڠ,لانچڠ
terlancar-lancar,ترلنچر-لانچر,ترلنچر-لنچر
melancipkan,ملانچيڤکن,ملنچيڤکن
melancung,ملانچوڠ,ملنچوڠ
melancungkan,ملانچوڠکن,ملنچوڠکن
melandai,ملنداءي,ملنداي
landang,لاندڠ,لندڠ
landap,لندڤ,لاندڤ
melandas,ملاندس,ملندس
dilandurkan,دلاندورکن,دلندورکن
melandur,ملاندور,ملندور
melandurkan,ملاندورکن,ملندورکن
landut,لندوت,لاندوت
langgai,لڠݢاي,لاڠݢاي
melanggai,ملڠݢاي,ملاڠݢاي
langgeng,لڠݢيڠ,لڠݢڠ
langgung,لڠݢوڠ,لاڠݢوڠ
melanggungkan,ملڠݢوڠکن,ملاڠݢوڠکن
langkap,لڠکڤ,لاڠکڤ
melantamkan,ملانتمکن,ملنتمکن
melantar,ملانتر,ملنتر
melantarkan,ملانترکن,ملنترکن
pelantaran,ڤلانترن,ڤلنترن
melantas,ملانتس,ملنتس
melantaskan,ملانتسکن,ملنتسکن
terlantas,ترلانتس,ترلنتس
lantin,لانتين,لنتين
terpelanting,ترڤلنتيڠ,ترڤلانتيڠ
melantunkan,ملانتونکن,ملنتونکن
lantung-lantang,لانتوڠ٢,لانتوڠ-لانتڠ
lanturan,لنتورن,لانتورن
lanyard,لاڽرد,لنيرد
dilap-lap,دلڤ٢,دلڤ-لڤ
lapari,لاڤري,لڤاري
lapel,لاڤل,لاڤيل
laran,لرن,لارن
berselari,برسلري,برسلاري
laron,لارون,لرون
larseni,لرسيني,لرسني
lasa,لاسا,لاسه
lasagne,لاسݢني,لزانيى
lasana,لاسان,لسان
lasian,لاسيان,لاسين
latif,لاتيف,لطيف
latifah,لطيفه,لطيفة
lauk-pauk,لاءوق٢,لاءوق-ڤاءوق
lauk-pituk,لاءوق٢,لاءوق-ڤيتوق
lawat-melawati,لاوت-ملاواتي,لاوت-ملاوتي
lawean,لاوين,لاويان
lazali,لزلي,لازالي
lebam,لبم,ليبم
lebar,لبر,ليبر
selebar-lebar,سليبر-لبر,سليبر-ليبر
lebaran,لبرن,لبارن
berlebih-lebih,برلبيه٢,برلبيه-لبيه
dilebih-lebihkan,دلبيه٢,دلبيه-لبيهکن
melebih-lebih,ملبيه٢,ملبيه-لبيه
melebih-lebihi,ملبيه٢,ملبيه-لبيهي
melebih-lebihkan,ملبيه-لبيهکن,ملبيه-ملبيهکن
lecak,لچق,ليچق
lecun,لچون,ليچون
melecun,ملچون,مليچون
leftenan,ليفتينن,ليفتنن
melega,مليݢ,ملݢا
terlega,ترليݢ,ترلݢا
lega,لݢا,ليݢ
legalisme,ليݢاليسمى,ليݢليسمى
legalistik,ليݢاليستيک,ليݢليستيک
melegarkan,مليݢرکن,ملݢرکن
legar,لݢر,ليݢر
berlegar-legar,برلݢر-لݢر,برليݢر-ليݢر
legaran,لݢرن,ليݢرن
legitimasi,لݢيتيماسي,ليݢيتيماسي
legum-legam,لݢوم٢,لݢوم-لݢم
legum,لݢوم,ليݢوم
leja,ليجا,لجا
meleja,مليجا,ملجا
lejar,لجر,ليجر
lekap-lekup,لکڤ٢,لکڤ-لکوڤ
melekari,مليکري,ملکري
lekar,لکر,ليکر
leksikostatistik,ليکسيکوستواتيستيک,ليکسيکوستاتيستيک
lekukan,لکوکن,لکوقن
lela,للا,ليلا
melelakan,مللاکن,مليلاکن
terlelan,ترللن,ترليلن
lelang,للڠ,ليلڠ
lema,لما,ليما
leman,لمن,ليمن
lemari,لمري,لماري
lembai,لمباي,ليمباي
melembai,ملمباي,مليمباي
lembak,لمبق,ليمبق
lembang,لمبڠ,ليمبڠ
melembarkan,مليمبرکن,ملمبرکن
lembega,لمبيݢا,لمبيݢ
lembek,لمبيق,ليمبيق
lemena,لمنا,لمينا
dilempang,دليمڤڠ,دلمڤڠ
melempang,مليمڤڠ,ملمڤڠ
lempar,لمڤر,ليمڤر
pelempar,ڤلمڤر,ڤليمڤر
sepelempar,سڤلمڤر,سڤليمڤر
lemper,ليمڤير,لمڤر
lempum-lempang,لمڤوم٢,لمڤوم-لمڤڠ
lengang,ليڠڠ,لڠڠ
lengas,لڠس,ليڠس
berlengas,برلڠس,برليڠس
kelengasan,کلڠسن,کليڠسن
terbelengas,تربلڠس,تربليڠس
melengak,مليڠق,ملڠݢق
melengakkan,مليڠقکن,ملڠݢقکن
lenggak,لڠݢق,ليڠݢق
lenggang,ليڠݢڠ,لڠݢڠ
lenggang,ليڠݢڠ,ل-يڠ-ݢ-ڠ
melengkang,مليڠکڠ,ملڠکڠ
lengkang,لڠکڠ,ليڠکڠ
lengkar,لڠکر,ليڠکر
lengseng,ليڠسيڠ,ليڠسڠ
melenjakan,ملينجاکن,ملنجاکن
melenserkan,ملينسيرکن,ملينسرکن
lentang,لينتڠ,لنتڠ
lentang-lentung,لينتڠ-لنتوڠ,لنتڠ-لنتوڠ
lentera,لنترا,لنتيرا
lentil,لنتيل,لينتيل
lentong,لينتوڠ,لنتوڠ
leotard,ليوترد,ليوتارد
lepa,ليڤا,لڤا
lepa-lepa,لڤا٢,ليڤا٢
pelepaan,ڤلڤاءن,ڤليڤاءن
lepak,لڤق,ليڤق
melepak,ملڤق,مليڤق
melepak-lepak,ملڤق-لڤق,مليڤق-ليڤق
selepas-lepas,سلڤس٢,سلڤس-لڤس
melerak,مليرق,ملرق
melerakkan,مليرقکن,ملرقکن
lerang,ليرڠ,لرڠ
lerap,لرڤ,ليرڤ
lesak,لسق,ليسق
lesbian,لسبين,ليسبيان
lesitin,لسيتين,ليسيتين
peletak,ڤليتق,ڤلتق
terletak,ترليتق,ترلتق
letak,لتق,ليتق
letung-letang,لتوڠ٢,لتوڠ-لتڠ
leukemia,ليوکميا,ليوکيميا
leukosit,ليوکوسيت,ليکوسيت
licin-licau,ليچين٢,ليچين-ليچاو
liga,ليݢ,ليݢا
likenisme,ليکينيسمى,ليکنيسمى
likenologi,ليکينولوݢي,ليکنولوݢي
lillah,ليله,لله
lillahi,للهي,لله
lima,ليما,ليم
berlima-lima,برليما-ليما,برليما-ليم
seperlima,سڤرليما,سڤرليم
limousin,ليمووسين,ليموسين
lingo,ليڠو,لينݢو
linguafranca,ليڠݢوافرنچا,ليڠݢوافرڠکا
lirik,ليريق,ليريک
lisani,ليساني,ليسني
litar,ليتر,ليتار
litaran,ليترن,ليتارن
litenan,ليتينن,ليتنن
peliukan,ڤليوقن,ڤليوقکن
liwat,ليوات,لواط
meliwat,مليوات,ملواط
loganberi,لوݢنبري,لوݢنبيري
lojik,لوجيق,لوجيک
berlok-lok,برلوق٢,برلوق-لوق
loklok,لوءلوق,لوءلوء
berloreng-loreng,برلوريڠ٢,برلوريڠ-لوريڠ
luber,لوبر,لوبير
meluber,ملوبر,ملوبير
ludruk,لودروق,لودروک
melukai,ملوکاي,ملوکاءي
lumar,لومر,لومار
lumer,لومر,لومير
melupai,ملوڤاي,ملوڤاءي
mac,ماچ,مچ
september,سڤتيمبر,سيڤتيمبر
disember,دسيمبر,ديسيمبر
safar,سفر,صفر
rabiulawal,ربيعلاول,ربيع الاول
rabiulakhir,ربعالعر,ربيع الاخير
jamadilawal,جمدالالال,جمادي الاول
jamadiakhir,جمادي الير,جمادي الاخير
ramadan,رمادن,رماصن
zulkaedah,ذولقعده,ذوالقعده
zulhijah,ذولحجه,ذوالحجه
aidiladha,عايديلادحا,عيدالاضحى
aidilfitri,عيديلفري,عيدالفطري
asyura,عاشورا,عاشوراء
israk,اسرق,اسراء
maal-hijrah,معلهجرة,معالهجرة
maulidur-rasul,مولدورسول,مولدالرسول
isnin,ايسنين,اثنين
selasa,سلاسا,ثلاث
jumaat,جوماعت,جمعة
sabtu,سبتو,سبت
kalaulah,کلاوله,کالاوله
inilah,اينيله,اينله
berilah,برايله,بيريله
taatlah,تاعةله,طاعةله
rasalah,رسله,راسله
berdoalah,بردعاله,بردعاءله
terimalah,تراماله,تريماله
marilah,مريله,ماريله
sahajalah,سهاجاله,سهاجله
sehinggalah,سهيڠݢاله,سهيڠݢله
memanglah,ممڠله,ميمڠله
sabarlah,صبرلة,صبرله
balaslah,بلسله,بالسله
apalah,اڤاله,اڤله
hinggalah,هيڠݢاله,هيڠݢله
seranglah,سرڠله,سيرڠله
sayugialah,سايوݢياله,سيوݢياله
sabitlah,سابيتله,ابتله
melepaklah,ملڤقله,مليڤقله
keponglah,کڤوڠله,کيڤوڠله
dialah,داله,ديله
berundinglah,براونديڠله,برونديڠله
beristighfarlah,براستغفرله,براستغفارله
kalaulah,کلاوله,کالاوله
saksikanlah,سکسيکنله,سقسيکنله
serahkanlah,سرهکنله,سيرهکنله
bebaskanlah,ببسکنله,بيبسکنله
rahmatnya,رهمتڽ,رهمةڽ
adanya,عدڽ,ادڽ
ayatnya,ايتڽ,اياتڽ
nyawanya,ڽاواڽ,ڽواڽ
menyakitinya,مڽاکيتيڽ,مڽکيتيڽ
membelanya,ممبلاڽ,ممبيلاڽ
ibadatnya,عبادتڽ,عبادةڽ
haramnya,حرمڽ,حرامڽ
menyatakannya,مڽتکنڽ,مڽتاکنڽ
kerabatnya,کرابتڽ,قرابةڽ
karibnya,کاريبڽ,قريبڽ
ditetapkannya,دتتڤکنڽ,دتتقکنڽ
biasanya,بياسڽ,بياساڽ
maksiatnya,معصيتڽ,معصيةڽ
kepunyaannya,کڤوڽاءنڽ,کڤوڽءنڽ
berkatnya,برکتڽ,برکةڽ
wahyunya,وهيوڽ,وحيڽ
nyatanya,ڽاتڽ,ڽتڽ
kerasulannya,کراسولنڽ,کرسولنڽ
kerananya,کراناڽ,کرانڽ
kambingnya,کامبيڠڽ,کمبيڠڽ
akhlaknya,اخلقڽ,اخلاقڽ
wafatnya,وفاتڽ,وفاةڽ
takbirnya,تکبيرڽ,تعبيرڽ
halusnya,هلوسڽ,هالوسڽ
sahnya,سحڽ,صحڽ
rohaninya,روهنيڽ,روهانيڽ
redainya,رضايڽ,ردايڽ
perbendaharaannya,ڤربندهاراءنڽ,ڤربنداهاراءنڽ
merasainya,مراساءيڽ,مراسايڽ
merahnya,مرهڽ,ميرهڽ
menyayanginya,مڽايڠيڽ,مڽيڠيڽ
mentaatinya,منطعتيڽ,منطاعتيڽ
mengharamkannya,مڠهرامکنڽ,مڠحرامکنڽ
mengejeknya,مڠيجيقڽ,مڠجيکڽ
malamnya,ملامڽ,مالمڽ
harinya,هريڽ,هاريڽ
berhalanya,برهلاڽ,برهالاڽ
batinnya,باتينڽ,باطينڽ
arasynya,ارشڽ,عرشڽ
wahyukan,وحيوکن,وحيکن
percayakan,ڤرچايقن,ڤرچايکن
belanjakan,بلنجقن,بلنجاکن
bacakan,باچقن,باچکن
taatkan,تاعتکن,طاعةکن
kembalikan,کمباليقن,کمباليکن
bencikan,بنچيقن,بنچيکن
perhatikan,ڤرهاتيقن,ڤرهاتيکن
kemukakan,کموکقن,کموککن
serahkan,سرهکن,سيرهکن
cuaikan,چوايقن,چوايکن
wafatkan,وفاتکن,وفاةکن
redakan,رضقن,رضاکن
halakan,هلاکن,هالاکن
bebankan,ببنکن,بيبنکن
utamakan,اوتاماکن,اوتامکن
tujukan,توجوقن,توجوکن
tamakan,تمعن,تامکن
sukakan,سوکاکن,سوککن
ratakan,راتاکن,راتکن
nyalakan,ڽلاکن,ڽالاکن
kenakan,کناکن,کيناکن
jayakan,جاياکن,جايکن
dianiayakan,دانياياکن,دانيايکن
azabku,عذبکو,عذابکو
bapaku,باڤاکو,باڤکو
berceri,برچري,برچيري
berihsan,برايهسن,براهسان
berkurun,برکورون,برقرون
bersamaku,برساماکو,برسامکو
diada,دادا,داد
ditanggungjawab,دتڠݢوڠجوابب,دتڠݢوڠجواب
ibadatku,عبادتکو,عبادةکو
kalamku,کلمکو,قلمکو
kerabatku,قرابتکو,قرابةکو
perantaraanku,ڤرنتاراءنکو,ڤرانتاراءنکو
peringatanku,ڤريڠتنکو,ڤرايڠتنکو
rahmatku,رهمتکو,رهمةکو
anak-anakku,انق-انقو,انق٢کو
bahuku,بهوکو,باهوکو
bengku,بڠکو,بيڠکو
berabdas,برعبدس,برابدس
berabonemen,برابونمن,برابونمين
berada,برادا,براد
berada-ada,برادا-ادا,براد٢
beradab,برعدب,برادب
beradas,برادس,برعدس
beragak-agak,براݢق-اݢق,براݢق٢
berai,براي,براءي
beraksi,برقسي,براکسي
beralun-alun,برالون-الون,برالون٢
beram,برم,برعام
berambai-ambai,برامباي-امباي,برامباي٢
berandai-andai,برانداي-انداي,برانداي٢
berangan-angan,براڠن-اڠن,براڠن٢
berangin-angin,براڠين-اڠين,براڠين٢
berangsang,برڠسڠ,براڠساڠ
beranta,برنتا,برانت
beranting-anting,برانتيڠ-انتيڠ,برانتيڠ٢
berapi-api,براڤي-اڤي,براڤي٢
berapung-apung,براڤوڠ-اڤوڠ,براڤوڠ٢
berarak-arakan,برارق-ارقن,برارق-ارڤن
berasian,براسيان,براسين
berasing-asing,براسيڠ-اسيڠ,براسيڠ٢
berawan,براون,برعوان
beraya,براي,برايا
berazimat,برعزيمت,برعزيمة
berbagai-bagai,برباݢاي-باݢاي,برباݢاي٢
berbaik-baik,برباءيق-باءيق,برباءيق٢
berbalam-balam,بربالم-بالم,بربالم٢
berbanyak-banyak,برباڽق-باڽق,برباڽق٢
berbareng,برباريڠ,بربارڠ
berbateri,بربتري,برباتري
berbatin,برباتين,برباطين
berbatu-batan,برباتو-بتن,برباتو-باتن
berbayang-bayang,بربايڠ-بايڠ,بربايڠ٢
berbebar,بربيبر,برببر
berbebaran,بربيبرن,برببارن
berbedak,بربدق,بربيدق
berbedan-bedan,بربدن-بدن,بربدن٢
berbelak,بربلق,بربيلق
berbelang,بربلڠ,بربيلڠ
berbelau-belau,بربلاو-بلاو,بربلاو٢
berbenar-benar,بربنر-بنر,بربنر٢
berbentar,بربنتر,بربينتر
berbesaran,بربسرن,بربسارن
berbesar-besaran,بربسر٢,بربسر-بسرن
berbikini,بربيقيني,بربيکيني
berbiku-biku,بربيکو-بيکو,بربيکو٢
berbinti,بربينتي,بربنت
berbisik-bisik,بربيسيق-بيسيق,بربيسيق٢
berbudaya,بربوداي,بربودايا
berbulan-bulan,بربولن-بولن,بربولن٢
berbulu-bulu,بربولو-بولو,بربولو٢
berbunga-bunga,بربوڠا-بوڠا,بربوڠا٢
berburu-buru,بربورو-بورو,بربورو٢
bercaran,برچرن,برچارن
bercela,برچلا,برچيلا
bercelak,برچلق,برچيلق
bercenggang,برچيڠݢڠ,برچڠݢڠ
bercenggong,برچيڠݢوڠ,برچيڠ-ݢ-وڠ
bercepat-cepat,برچڤت-چڤت,برچڤت٢
bercita-cita,برچيتا-چيتا,برچيتا٢
bercuki,برچوقي,برچوکي
berdaham,بردهم,برداهم
berdalam-dalam,بردالم-دالم,بردالم٢
berdebak,برديبق,بردبق
berdebat,بردبت,برديبت
berdekat-dekat,بردکت-دکت,بردکت٢
berdepan-depan,بردڤن-دڤن,بردڤن٢
berdiam-diam,برديام-ديام,برديام٢
berdiet,بردييت,برديئت
berdisiplin,بردسيڤلين,برديسيڤلين
berdua-dua,بردوا-دوا,بردوا٢
berduit-duit,بردوءيت-دوءيت,بردوءيت٢
berecek,بريچيق,برايچيق
bereka,برايک,برايکا
berembuk,برمبوق,برامبوق
beremosi,بريموسي,برايموسي
berempayar,برامڤاير,برايمڤاير
berenak-enak,براينق-اينق,براينق٢
berenda,برايندا,براندا
berendeng,برينديڠ,براينديڠ
berengsel,بريڠسيل,برايڠسيل
berenjin,برانجين,براينجين
bererti,بررتي,برارتي
beres,بيريس,برايس
berevolusi,بريۏولوسي,برايۏولوسي
berfirasat,برفراست,برفراسة
berfitrah,برفتره,برفطره
berfoya-foya,برفويا-فويا,برفويا٢
berfrekuensi,برفريکوءنسي,برفريکوئنسي
bergandung,برݢاندوڠ,برݢندوڠ
berganggang,برݢڠݢڠ,برݢاڠݢڠ
berganjur,برݢنجور,برݢانجور
bergantang-gantang,برݢنتاڠ-ݢنتڠ,برݢنتاڠ٢
bergarah-garah,برݢاره-ݢاره,برݢاره٢
bergelang-gelang,برݢلڠ-ݢلڠ,برݢلڠ٢
bergendang,برݢيندڠ,برݢندڠ
bergepuk-gepuk,برݢڤوق-ݢڤوق,برݢڤوق٢
bergerigi,برݢريݢي,برݢري-ݢ--ي
bergesa-gesa,برݢسا-ݢسا,برݢسا٢
bergila-gila,برݢيلا-ݢيلا,برݢيلا٢
berguru,برݢورو,برݢورور
berhadas,برهدث,برحدث
berhadis,برهاديس,برحديث
berhalus,برهلوس,برهالوس
berhalusinasi,برهلوسيناسي,برهالوسيناسي
berhambus,برهمبوس,برهامبوس
berharap-harap,برهارڤ-هارڤ,برهارڤ٢
berhari-hari,برهاري-هاري,برهاري٢
berhati-hati,برهاتي-هاتي,برهاتي٢
berhawa,برهاوا,برحواء
berhelah,برهيله,برحيله
berhierarki,برهيرري,برهيررکي
berhujan-hujan,برهوجن-هوجن,برهوجن٢
beria,بريا,برايا
beriba,بريبا,برايبا
beribadah,برعباده,برعبادة
beribadat,برعبادت,برعبادة
beriktikaf,براعتقاف,براعتکاف
berikut-ikut,برايکوت-ايکوت,برايکوت٢
berilah,برايله,براله
beringat-ingat,برايڠت-ايڠت,برايڠت٢
berirama,براراما,برايراما
beristighfar,براستغفر,براستغفار
beristiqamah,براستقامه,براستقامة
beristirahat,براستراهت,براستراهة
berjala-jala,برجالا-جالا,برجالا٢
berjalur-jalur,برجالور-جالور,برجالور٢
berjangka,برجاڠک,برجڠک
berjari-jari,برجاري-جاري,برجاري٢
berjebah,برجبه,برجيبه
berjuak-juak,برجواق-جواق,برجواق٢
berjujukan,برجوجوکن,برجوجوقن
berjumaat,برجوماعت,برجمعة
berjumbai-jumbai,برجومباي-جومباي,برجومباي٢
berjurai-jurai,برجوراي-جوراي,برجوراي٢
berkadi,برقادي,برقاضي
berkait-kait,برکاءيت-کاءيت,برکاءيت٢
berkalau-kalau,برکالاو-کالاو,برکالاو٢
berkali-kali,برکالي-کالي,برکالي٢
berkampai,برکامڤاي,برکمڤاي
berkandar,برکاندر,برکندر
berkanjang,برکانجڠ,برکنجڠ
berkarang-karang,برکارڠ-کارڠ,برکارڠ٢
berkaraoke,برکاراوکي,برکاراءوکي
berkawad,برکود,برکاود
berkecah,برکچه,برکيچه
berkedera,برکدرا,برکديرا
berkedok,برکيدوق,برکدوق
berkedut-kedut,برکدوت-کدوت,برکدوت٢
berkeinginan,برکيڠينن,برکايڠينن
berkek,برکيق,برکيک
berkelah,برکله,برکيله
berkelahi,برکلهي,برکلاهي
berkelemban,برکلمبن,برکليمبن
berkelip-kelip,برکليڤ-کليڤ,برکليڤ٢
berkemas-kemas,برکمس-کمس,برکمس٢
berkemendang,برکميندڠ,برکمندڠ
berkena,برکنا,برکينا
berkentung-kentung,برکنتوڠ-کنتوڠ,برکنتوڠ٢
berkepak,برکڤق,برکيڤق
berkepang,برکڤڠ,برکيڤڠ
berkerang,برکرڠ,برکيرڠ
berkeredaan,برکريداءن,برکريضاءن
berkerikil,برکريقيل,برکريکيل
berketika,برکتيکا,برکتيک
berketi-keti,برکتي-کتي,برکتي٢
berkhairat,برخيرت,برخيرات
berkial-kial,برکيال-کيال,برکيال٢
berkira-kira,برکيرا-کيرا,برکيرا٢
berkisi-kisi,برکيسي-کيسي,برکيسي٢
berklik,برکليق,برکليک
berkuak-kuak,برکواق-کواق,برکواق٢
berkucing-kucing,برکوچيڠ-کوچيڠ,برکوچيڠ٢
berkunang-kunang,برکونڠ-کونڠ,برکونڠ٢
berkusu-kusu,برکوسو-کوسو,برکوسو٢
berlama-lama,برلاما-لاما,برلاما٢
berlambai-lambai,برلمباي-لمباي,برلمباي٢
berlambat-lambat,برلمبت-لمبت,برلمبت٢
berlangit-langit,برلاڠيت-لاڠيت,برلاڠيت٢
berlari-lari,برلاري-لاري,برلاري٢
berlawak-lawak,برلاوق-لاوق,برلاوق٢
berlebaran,برليبرن,برلبارن
berlekas-lekas,برلکس-لکس,برلکس٢
berlembang,برلمبڠ,برليمبڠ
berlengas,برلڠس,برليڠس
berlenggang,برليڠݢڠ,برل-يڠ-ݢ-ڠ
berlenggok-lenggok,برليڠݢوق-ليڠݢوق,برليڠݢوق٢
berlentera,برلنترا,برلنتيرا
berlopak-lopak,برلوڤق-لوڤق,برلوڤق٢
berlumar,برلومر,برلومار
berlumba-lumba,برلومبا-لومبا,برلومبا٢
bermacam-macam,برماچم-ماچم,برماچم٢
bermain-main,برماءين-ماءين,برماءين٢
bermalam,برملام,برمالم
bermanik-manik,برمانيق-مانيق,برمانيق٢
bermekap,برمکڤ,برميکڤ
bermeter,برميتير,برميتر
bermetil,برمتيل,برميتيل
berminta-minta,برمينتا-مينتا,برمينتا٢
bermudarat,برمودارت,برمضرت
bermukah,برمقاح,برموکه
bermuka-muka,برموک-موک,برموک٢
bermula-mula,برمولا-مولا,برمولا٢
bermunajat,برمناجت,برمناجات
bermusyawarah,برمشاوره,برمشاورة
bernafsi-nafsi,برنفسي-نفسي,برنفسي٢
berogak-ogak,براوݢق-اوݢق,براوݢق٢
beroi,براوي,براووي
berok,بيروق,براءوق
berolak-olak,براولق-اولق,براولق٢
beromong-omong,براوموڠ-اوموڠ,براوموڠ٢
berondoh-ondoh,براوندوه-اوندوه,براوندوه٢
berong,بيروڠ,برءوڠ
berorang-orang,براورڠ-اورڠ,براورڠ٢
berpanggung,برڤڠݢوڠ,برڤ-ڠ-ݢوڠ
berpanji-panji,برڤنجي-ڤنجي,برڤنجي٢
berpara-para,برڤارا-ڤارا,برڤارا٢
berpasang-pasang,برڤاسڠ-ڤاسڠ,برڤاسڠ٢
berpauh-pauh,برڤاءوه-ڤاءوه,برڤاءوه٢
berpaya,برڤاي,برڤايا
berpayah-payah,برڤايه-ڤايه,برڤايه٢
berpaya-paya,برڤايا-ڤاي,برڤايا٢
berpecah-pecah,برڤچه-ڤچه,برڤچه٢
berpelukan,برڤلوکن,برڤلوقن
berpengkhususan,برڤخخصوصن,برڤڠخصوصن
berperang,برڤرڠ,برڤيرڠ
berpijar-pijar,برڤيجر-ڤيجر,برڤيجر٢
berpiuh-piuh,برڤيوه-ڤيوه,برڤيوه٢
berpulasan,برڤولسن,برڤولاسن
berpura-pura,برڤورا-ڤورا,برڤورا٢
berpusar-pusar,برڤوسر-ڤوسر,برڤوسر٢
bersabit,برابيت,برابت
bersai,برساي,برسعي
bersaluir,برسلوءير,برسالوءير
bersamba,برسامبا,برسمبا
bersambut,برسامبوت,برسمبوت
bersangkak,برسڠکق,برساڠکق
bersangkal,برسڠکل,برساڠکل
bersantap,برسنتڤ,برسانتڤ
bersebar,برسيبار,برسبر
bersebati,برسبتي,برسباتي
bersegera-segera,برسݢرا-سݢرا,برسݢرا٢
bersela,برسلا,برسيلا
berselak,برسلق,برسيلق
berselari,برسلري,برسلاري
bersembah,برسيمبه,برسمبه
bersembunyi-sembunyian,برسمبوڽي٢,برسمبوڽي-سمبوڽين
bersendi,برسيندي,برسندي
bersenyap-senyap,برسڽڤ-سڽڤ,برسڽڤ٢
berserah,برسره,برسيره
berseranggung,برسرڠݢوڠ,برسرڠ-ݢ-وڠ
berserenjang,برسرينجڠ,برسرنجڠ
berseri,برسري,برسيري
berserif,برسريف,برسيريف
bersesak,برسيسق,برسسق
bersia-sia,برسيا-سيا,برسيا٢
bersolat,برسولت,برصلاة
bersubahat,برسوبهت,برسوباهت
bersudah-sudah,برسوده-سوده,برسوده٢
bersuluk,برسولوق,برسلوق
bersumbar,برسومبر,برسومبار
bersungguh-sungguh,برسوڠݢوه-سوڠݢوه,برسوڠݢوه٢
bersungut-sungut,برسوڠوت-سوڠوت,برسوڠوت٢
bersutan,برسوتن,برسوتان
bersyahadat,برشهادت,برشهادة
bersyarah,برشره,برشرح
bertahalul,برتهلل,برتحلل
bertahmid,برتهميد,برتحميد
bertahu-tahu,برتاهو-تاهو,برتاهو٢
bertakbir,برتکبير,برتعبير
bertalam,برتلام,برتالم
bertali-tali,برتالي-تالي,برتالي٢
bertambah-tambah,برتمبه-تمبه,برتمبه٢
bertampung,برتامڤوڠ,برتمڤوڠ
bertandatangan,برتنداتڠن,برتنداتاڠن
bertanyakan,برتاڽاکن,برتاڽکن
bertarak-tarak,برتارق-تارق,برتارق٢
bertarbus,برتربوس,برطربوس
bertatapan,برتاتڤن,برتتاڤن
berteban,برتبن,برتيبن
bertebang,برتيبڠ,برتبڠ
bertebu-tebu,برتبو-تبو,برتبو٢
bertelekan,برتيليکن,برتلکن
bertele-tele,برتيلي-تيلي,برتيلي٢
bertemperau,برتمڤراو,برتمڤيراو
bertempuh,برتمڤوه,برتيمڤوه
bertenang,برتنڠ,برتينڠ
bertendensi,برتيندينسي,برتيندنسي
bertengkolok,برتيڠکولوق,برتڠکولوق
berterang-terang,برترڠ-ترڠ,برترڠ٢
berteterapan,برتترڤن,برتتراڤن
bertinggung,برتيڠݢوڠ,برتيڠ-ݢوڠ
bertingkat-tingkat,برتيڠکت-تيڠکت,برتيڠکت٢
bertitikan,برتيتيکن,برتيتيقن
bertiup-tiup,برتيوڤ-تيوڤ,برتيوڤ٢
bertua-tua,برتوا-توا,برتوا٢
bertumbukan,برتومبوکن,برتومبوقن
bertura-tura,برتورا-تورا,برتورا٢
berujud,براوجود,بروجود
berundung-undung,براوندوڠ-اوندوڠ,براوندوڠ٢
berura-ura,براورا-اورا,براورا٢
beruzlah,برازله,برعزلة
berwasangka,برواسڠک,بروسڠک
berwasiat,برواصيت,بروصيت
berwirid,برويريد,برورد
beryang-yang,بريڠ-يڠ,بريڠ٢
berzuhud,برزوهد,برزهد
cangku,چاڠکو,چڠکو
cenaku,چناکو,چيناکو
diadukan,دادوکن,دادوقن
diagak-agak,داݢق-اݢق,داݢق٢
diagnostik,دياݢنوستيک,داݢنوستيک
diah,دية,داه
diajukan,داجوکن,داجوقن
diaku,داکو,ديکو
diam,ديام,دعام
diana,دان,دانا
diangkat-angkat,داڠکت-اڠکت,داڠکت٢
diari,دياري,داري
diazab,دعذب,دعذاب
dibab,دبب,دباب
dibacakan,دباچاکن,دباچکن
dibedak,دبدق,دبيدق
diberi,دبري,دبيري
diberikan,دبريکن,دبرايکن
diberikan,دبريکن,دبرايکن
diberkati,دبرکتي,دبرکاتي
dibinasakan,دبيناساکن,دبيناسکن
dibiru-biru,دبيرو٢کو,دبيرو٢
dicarikan,دچاريکن,دچاريقن
dicebak,دچيبق,دچبق
dicita-cita,دچيتا-چيتا,دچيتا٢
dies,ديس,دايس
diestrus,ديئيستروس,دايستروس
dihakis,دحاکيس,دهاکيس
diheban,دهيبن,دهيبان
dikambus,دکامبوس,دکمبوس
dikatai,دکاتاءي,دکاتاي
dikemukakan,دکموکاکن,دکموککن
dikenakan,دکناکن,دکيناکن
diketuk-ketuk,دکتوق-کتوق,دکتوق٢
dikotai,دکوتاءي,دکوتاي
dilantas,دلانتس,دلنتس
dilarikan,دلاريکن,دلاريقن
dilempari,دليمڤري,دلمڤاري
dilenggang,دليڠݢڠ,دل-يڠ-ݢ-ڠ
dini,ديني,دني
diniagakan,دنياݢاکن,دنياݢکن
dinyatakan,دڽاتاکن,دڽاتکن
dipandam,دڤندم,دڤاندم
dipanggang,دڤڠݢڠ,دڤ-ڠݢ-ڠ
dipasukan,دڤاسوکن,دڤاسوقن
dipenjarakan,دڤنجاراکن,دڤنجارقن
dipercayakan,دڤرچاياکن,دڤرچايکن
dipijak-pijak,دڤيجق-ڤيجق,دڤيجق٢
dirambah,درمبه,درامبه
dirangka,درڠک,دراڠک
dirasai,دراساءي,دراساي
diratakan,دراتاکن,دراتکن
direjeng,دريجيڠ,درجڠ
direlai,درلاي,دريلاي
direnggang,درڠݢڠ,درڠ-ݢ-ڠ
direntang,درنتڠ,درينتڠ
direparasi,درڤاراسي,دريڤاراسي
dirian,ديريان,دريان
diruah,درواه,درواح
disakarida,دساکريدا,دساکاريدا
disalib,دسالب,دصليب
disegani,دسݢني,دسݢاني
disekati,دسکتي,دسکاتي
disember,دسيمبر,دسمبير
disendi,دسيندي,دسندي
disengker,دسيڠکير,دسڠکر
disenteri,دسينتري,دسنتري
diserahi,دسرهي,دسراهي
diserap,دسرڤ,دسيرڤ
disesak,دسيسق,دسسق
disetel,دسيتيل,دستيل
disifatkan,دسيفتکن,دصيفتکن
disinggung,دسيڠݢوڠ,دسيڠݢ-وڠ
disteril,دستريل,دستيريل
disusukan,دسوسوکن,دسوسوقن
ditampa,دتمڤا,دتامڤا
ditampik,دتمڤيق,دتامڤيق
ditandai,دتنداءي,دتنداي
ditanyakan,دتاڽاکن,دتاڽکن
ditarikan,دتاريکن,دتاريقن
ditawar-tawar,دتاور-تاور,دتاور٢
ditempuh,دتمڤوه,دتيمڤوه
ditetapi,دتتڤي,دتتاڤي
ditombong,دتومبوڠ,دتوم-بوڠ
diubrak-abrik,داوبرق-ابير,داوبرق-ابريق
diutamakan,داوتاماکن,داوتامکن
diwangsa,ديواڠسا,دوڠسا
guruku,ݢوروکو,ݢورورکو
kataku,کاتاکو,کاتکو
maksudku,مقصودو,مقصودکو
maluku,ملوکو,مالوکو
mataku,ماتاکو,ماتکو
memangku,ممڠکو,ميمڠکو
sangkaku,سڠکاکو,سڠککو
selaku,سلاکو,سيلاکو
sesiku,سسيکو,سيسيکو
teknikku,تيکنيکو,تيکنيککو
teleku,تلکو,تيليکو
tengku,تڠکو,تيڠکو
akhbarnya,اخبرڽ,اخبارڽ
almarinya,المريڽ,الماريڽ
al-qurannya,القرانڽ,القرءانڽ
amnya,امڽ,عامڽ
anak-anaknya,انق-انقڽ,انق٢ڽ
aslinya,اسليڽ,اصليڽ
atmosferanya,اترموسفيراڽ,اتموسفيراڽ
bakinya,باکيڽ,باقيڽ
balaknya,بلاقڽ,بالقڽ
balasnya,بلاسڽ,بالسڽ
bebannya,ببنڽ,بيبنڽ
belangnya,بلڠڽ,بيلڠڽ
beliannya,بلينڽ,بليانڽ
benderanya,بندراڽ,بنديراڽ
berangnya,برڠڽ,بيرڠڽ
beresnya,بيريسڽ,برايسڽ
berhenti-hentinya,برهنتي٢ڽ,برهنتي-هنتيڽ
berinya,بريڽ,بيريڽ
budayanya,بودايڽ,بوداياڽ
celanya,چلاڽ,چيلاڽ
diadukannya,دادوکنڽ,دادوقنڽ
diakalinya,دعکليڽ,دعقليڽ
dicarikannya,دچاريکنڽ,دچاريقنڽ
didiaminya,ددعاميڽ,ددياميڽ
dikebasnya,دکيبسڽ,دکبسڽ
dilemparinya,دلمڤريڽ,دلمڤاريڽ
dipenjarakannya,دڤنجاراکنڽ,دڤنجارقنڽ
diplomatiknya,دڤلوماتيکڽ,ديڤلوماتيکڽ
diplomatnya,دڤلومتڽ,ديڤلومتڽ
dirasainya,دراساءيڽ,دراسايڽ
disendaknya,دسيندقڽ,دسندقڽ
disertasinya,دسرتاسيڽ,ديسرتاسيڽ
disesahnya,دسيسهڽ,دسسهڽ
ditempelengnya,دتمڤيلڽ,دتمڤيليڠڽ
ditempuhnya,دتمڤوهڽ,دتيمڤوهڽ
empunyanya,امڤوڽاڽ,امڤوڽڽ
firasatnya,فراستڽ,فراسةڽ
frekuensinya,فريکوءنسيڽ,فريکوئنسيڽ
generasinya,ݢنراسيڽ,ݢينراسيڽ
gentiannya,ݢنتينڽ,ݢنتيانڽ
geriginya,ݢريݢيڽ,ݢري-ݢ--يڽ
gurunya,ݢوروڽ,ݢورورڽ
hadamnya,حضمڽ,هضمڽ
hal-ehwalnya,حال-حوالڽ,حال-احوالڽ
hampasnya,همڤسڽ,هامڤسڽ
idamannya,ايدمنڽ,ايدامنڽ
ikrabnya,اقربڽ,اعربڽ
jadikannya,جاديقنڽ,جاديکنڽ
kakitangannya,کاکيتڠنڽ,کاکيتاڠنڽ
kalbunya,کلبوڽ,قلبوڽ
kamarnya,کمرڽ,قمرڽ
kamusnya,کاموسڽ,قاموسڽ
kantuknya,کانتوقڽ,کنتوقڽ
kayanya,کايڽ,کاياڽ
keasliannya,کاسلينڽ,کاصلينڽ
kebalikannya,کباليقنڽ,کباليقکنڽ
kepaknya,کڤقڽ,کيڤقڽ
ketenangannya,کتنڠنڽ,کتينڠنڽ
ketiga-tiganya,کتيݢ٢ڽ,کتيݢا-تيݢڽ
khatnya,ختڽ,خطڽ
kudratnya,قدرتڽ,قدرةڽ
kutubnya,کوتوبڽ,قطبڽ
lauk-pauknya,لاءوق٢,لاءوق-ڤاءوقڽ
lenggangnya,ليڠݢڠڽ,ل-يڠ-ݢ-ڠڽ
majalnya,مجلڽ,ماجلڽ
makanya,ماکڽ,مکڽ
melodinya,ملوديڽ,ميلوديڽ
memnya,ممڽ,ميمڽ
memperisterinya,ممڤريستريڽ,ممڤرايستريڽ
memperkaitkannya,ممڤرکاءيکنڽ,ممڤرکاءيتکنڽ
memudaratkannya,ممودرتکنڽ,مموضرتکنڽ
mengelakkannya,مڠلقکنڽ,مڠيلقکنڽ
menghayatinya,مڠهياتيڽ,مڠحياتيڽ
mentalnya,منتلڽ,مينتلڽ
menyamainya,مڽاماءيڽ,مڽماءيڽ
menyepaknya,مڽڤقڽ,مڽيڤقڽ
mesingannya,مسيڠنڽ,ميسينݢنڽ
nisbahnya,نصبهڽ,نيسبهڽ
nyalanya,ڽالاڽ,ڽلاڽ
nyanya,ڽاڽ,ڽڽ
nyanyiannya,ڽاڽينڽ,ڽڽينڽ
nyaringnya,ڽاريڠڽ,ڽريڠڽ
ozonnya,اوذونڽ,اوزونڽ
pedalnya,ڤدلڽ,ڤيدلڽ
pegangannya,ڤݢاڠنڽ,ڤݢڠنڽ
pelangnya,ڤلڠڽ,ڤيلڠڽ
penasihatnya,ڤنصيحتڽ,ڤنصيحةڽ
pengsannya,ڤڠسنڽ,ڤيڠسنڽ
penyairnya,ڤڽاءيرڽ,ڤڽعيرڽ
penyakitnya,ڤڽاکيتڽ,ڤڽکيتڽ
penyapunya,ڤڽاڤوڽ,ڤڽڤوڽ
penyerangnya,ڤڽيرڠڽ,ڤڽرڠڽ
perangnya,ڤرڠڽ,ڤيرڠڽ
peribadinya,ڤرعباديڽ,ڤريباديڽ
perikarpanya,ڤريکرڤاڽ,ڤيريکرڤاڽ
pernikahannya,ڤرنيکهنڽ,ڤرنکاهنڽ
pertanyaannya,ڤرتاڽاءنڽ,ڤرتاڽءنڽ
pesaknya,ڤسقڽ,ڤيسقڽ
puasanya,ڤواسڽ,ڤواساڽ
qurannya,قرانڽ,قرءانڽ
rangkanya,رڠکڽ,راڠکڽ
redanya,ريضاڽ,رضاڽ
rentaknya,رنتقڽ,رينتقڽ
ribanya,ريباڽ,رباءڽ
sahihnya,سحيحڽ,صحيحڽ
saudara-maranya,ساودارا٢ڽ,ساودارا-ماراڽ
seelok-eloknya,سايلوق٢ڽ,سايلوق-ايلوقڽ
sekeras-kerasnya,سکرس٢ڽ,سکرس-کرسڽ
selaknya,سلقڽ,سيلقڽ
selamanya,سلامڽ,سلاماڽ
selatannya,سلتنڽ,سلاتنڽ
selok-beloknya,سيلوق٢,سيلوق-بيلوقڽ
sepuas-puasnya,سڤواس٢ڽ,سڤواس-ڤواسڽ
setiausahanya,ستياوسهاڽ,ستياءوسهاڽ
setinggi-tingginya,ستيڠݢي٢ڽ,ستيڠݢي-تيڠݢيڽ
solatnya,سولتڽ,صلاةڽ
taktiknya,تکتيقڽ,تکتيکڽ
tandatangannya,تنداتڠنڽ,تنداتاڠنڽ
terletaknya,ترليتقڽ,ترلتقڽ
wilayahnya,ولايةڽ,ولايهڽ
meliuk-liuk,مليوق-ليوق,مليوق٢
memarah,ممڤره,مماره
mematerai,ممڤراي,ممتراي
mengap-ngap,مڠڤ-ڠڤ,مڠڤ٢
menyanya,مڽاڽ,مڽڽ
meong,ميوڠ,مءوڠ
mepet,ميڤيت,مڤيت
meredang,مردڠ,مريدڠ
merela,مرلا,مريلا
metel,ميتيل,متيل
mewa,ميوا,موا
meester,مييستر,مايستر
mekedi,مکدي,مکيدي
ajaib-ajaib,عجاعباجعيب,عجاءيب٢
anasir-anasir,عناسير٢,عناصير٢
askar-askar,اسکر٢,عسکر٢
aspek-aspek,اسڤيق٢,اسڤيک٢
awan-awan,اون٢,عوان٢
ayat-ayat,ايت٢,ايات٢
bahan-bahan,بهن٢,باهن٢
bakat-bakat,باکت-باکت,باکت٢
belan-belan,بيلن٢,بلن٢
bengkak-bengkak,بڠکق-بڠکق,بڠکق٢
berlian-berlian,برليان-برلين,برليان٢
bersih-bersih,برسيه-برسيه,برسيه٢
derik-derik,دريق٢,ديريق٢
elemen-elemen,ايليمين٢,ايليمن٢
fakta-fakta,فکت٢,فکتا٢
firma-firma,فرما٢,فيرما٢
gumpal-gumpal,ݢومڤل-ݢومڤل,ݢومڤل٢
guru-guru,ݢورو٢,ݢورور٢
ibadah-ibadah,عباده٢,عبادة٢
ibadat-ibadat,عبادت٢,عبادة٢
isme-isme,اسمي٢,اسمى٢
juzuk-juzuk,جزوق٢,جزوء٢
kadi-kadi,کادي٢,قاضي٢
kamus-kamus,کاموس٢,قاموس٢
kemudahan-kemudahan,کمودهن-کمودهن,کمودهن٢
kisah-kisah,قصه٢,قيصه٢
konduktor-konduktor,کوندوقتور٢,کوندوکتور٢
korban-korban,کربان٢,قربان٢
lambang-lambang,لمبڠ٢,لامبڠ٢
lancang-lancang,لنچڠ٢,لانچڠ٢
lebar-lebar,لبر٢,ليبر٢
lekuk-lekuk,لکوق-لکوق,لکوق٢
lima-lima,ليما٢,ليم٢
majalah-majalah,مجاله٢,مجله٢
mayat-mayat,مايت٢,ميت٢
menteri-menteri,منتري-منتري,منتري٢
merah-merah,ميره-مره,ميره٢
meriam-meriam,مريام-مريام,مريام٢
minyak-minyak,ميڽق-ميڽق,ميڽق٢
muntah-muntah,مونته-مونته,مونته٢
objek-objek,اوبجيق٢,اوبجيک٢
pelan-pelan,ڤلن٢,ڤيلن٢
pendeta-pendeta,ڤنديت٢,ڤنديتا٢
penggemar-penggemar,ڤڠݢمر-ڤڠݢمر,ڤڠݢمر٢
pensyarah-pensyarah,ڤنشره٢,ڤنشرح٢
penyair-penyair,ڤڽاءير٢,ڤڽعير٢
persoalan-persoalan,ڤرسوالن٢,ڤرسوءالن٢
rambut-rambut,رمبوت٢,رامبوت٢
rangka-rangka,رڠک٢,راڠک٢
reda-reda,ريدا٢,رضا٢
rendah-rendah,رنده-رنده,رنده٢
renggang-renggang,ريڠݢڠ٢,رڠ-ݢ-ڠ٢
risalah-risalah,ريساله٢,رساله٢
robak-robak,روبق-روبق,روبق٢
rongga-rongga,روڠݢ-روڠݢ,روڠݢ٢
saksi-saksi,سکسي٢,سقسي٢
saluran-saluran,سلورن٢,سالورن٢
sekejap-sekejap,سکجڤ-سکڤ,سکجڤ٢
sepah-sepah,سڤه٢,سيڤه٢
setinggan-setinggan,ستيڠݢن٢,ستي-ڠ-ݢن٢
soleh-soleh,سوليه٢,صالح٢
teknik-teknik,تيکنيق٢,تيکنيک٢
terbitan-terbitan,تربيتن-تربيتن,تربيتن٢
tingkap-tingkap,تيڠکڤ-تيڠکڤ,تيڠکڤ٢
tumpah-tumpah,تومڤه-تومڤه,تومڤه٢
ulama-ulama,اولاما٢,علماء٢
wajib-wajib,واجبو٢,واجب٢
wak-wak,وق٢,واق٢
zarah-zarah,زره٢,ذره٢
berbaris-baris,برباريس-باريس,برباريس٢
berbengkok-bengkok,بربيڠکوق-بيڠکوق,بربيڠکوق٢
berbenjol-benjol,بربينجول-بينجول,بربينجول٢
berbuat-buat,بربوات-بوات,بربوات٢
bercelah-celah,برچله-چله,برچله٢
berdamai-damai,برداماي-داماي,برداماي٢
berdebur-debur,بردبور-دبور,بردبور٢
berdegum-degum,بردݢوم-دݢوم,بردݢوم٢
berdenyut-denyut,بردڽوت-دڽوت,بردڽوت٢
bergajah-gajah,برݢاجه-ݢاجه,برݢاجه٢
bergigi-gigi,برݢيݢي-ݢيݢي,برݢيݢي٢
berhemat-hemat,برهيمت-هيمت,برهيمت٢
berjengket-jengket,برجيڠکيت-جيڠکيت,برجيڠکيت٢
berkersik-kersik,برکرسيق-کرسيق,برکرسيق٢
berkongsi-kongsi,برکوڠسي-کوڠسي,برکوڠسي٢
berlauk-lauk,برلاءوق-لاءوق,برلاءوق٢
berlekuk-lekuk,برلکوق-لکوق,برلکوق٢
berliang-liang,برلياڠ-لياڠ,برلياڠ٢
berseorang-seorang,برساورڠ-ساورڠ,برساورڠ٢
bersibuk-sibuk,برسيبوق-سيبوق,برسيبوق٢
bersudut-sudut,برسودوت-سودوت,برسودوت٢
bersulit-sulit,برسوليت-سوليت,برسوليت٢
bertakuk-takuk,برتاکوق-تاکوق,برتاکوق٢
bertitik-titik,برتيتيق-تيتيق,برتيتيق٢
dibentuk-bentuk,دبنتوق-بنتوق,دبنتوق٢
dilambung-lambung,دلامبوڠ-لمبوڠ,دلامبوڠ٢
diombak-ombak,داومبق-اومبق,داومبق٢
dipancang-pancang,دڤنچڠ-ڤانچڠ,دڤنچڠ٢
direnyuk-renyuk,درڽوق-رڽوق,درڽوق٢
fakta-faktanya,فکت٢ڽ,فکتا٢ڽ
gerabak-gerabaknya,ݢرابق-ݢرابقڽ,ݢرابق٢ڽ
kawan-kawanku,کاون٢,کاون٢کو
memanis-manis,ممانيس-مانيس,ممانيس٢
menteri-menterinya,منتري-منتريڽ,منتري٢ڽ
merabit-rabit,مرابيت-رابيت,مرابيت٢
merisik-risik,مريسيق-ريسيق,مريسيق٢
pokok-pokoknya,ڤوکوق٢,ڤوکوق٢ڽ
teman-temanku,تمن٢,تمن٢کو
besar-besarmu,بسر٢,بسر٢مو
dirimu,دريمو,ديريمو
doamu,دعامو,دعاءمو
ibadatmu,عبادتمو,عبادةمو
kata-katamu,کات٢کو,کات٢مو
kawan-kawanmu,کاون٢,کاون٢مو
tawamu,توامو,تاوامو
bebanmu,ببنمو,بيبنمو
kambingmu,کامبيڠمو,کمبيڠمو
kerabatmu,قرابتمو,قرابةمو
memaksamu,ممقصامو,ممقسامو
mengawalmu,مڠعوالمو,مڠاولمو
peringatanmu,ڤريڠتنمو,ڤرايڠتنمو
rahmatmu,رهمتمو,رهمةمو
wafatkanmu,وفاتکنمو,وفاةکنمو
difatwakan,دفتواکن,دفتوىکن
ayat-ayatku,ايت٢,ايات٢کو
berbilang-bilang,بربيلڠ-بيلڠ,بربيلڠ٢
berhala-berhala,برهلا٢,برهالا٢
bersama-samaku,برسام٢,برسام٢کو
bersama-samamu,برسام٢,برسام٢مو
diragu-ragukan,دراݢو-راݢوکن,دراݢو٢کن
hadis-hadis,حديس٢,حديث٢
hamba-hambaku,همبا٢,همبا٢کو
hamba-hambamu,همبا٢,همبا٢مو
isteri-isterimu,ايستري٢,ايستري٢مو
janji-janjimu,جنجي٢,جنجي٢مو
kambing-kambingku,کمبيڠ٢,کمبيڠ٢کو
manusia-manusia,مونسي٢,ماءنسي٢
maula-maula,مول٢,مولى٢
musuh-musuhmu,موسوه٢,موسوه٢مو
pegawai-pegawaiku,ڤݢاواي٢,ڤݢاواي٢کو
pengikut-pengikutku,ڤڠيکوت٢,ڤڠيکوت٢کو
pengikut-pengikutmu,ڤڠيکوت٢,ڤڠيکوت٢مو
perintah-perintahku,ڤرينته٢,ڤرينته٢کو
perintah-perintahnya,ڤرينته٢,ڤرينته٢ڽ
rasul-rasulku,رسول٢,رسول٢کو
rasul-rasulmu,رسول٢,رسول٢مو
sahabat-sahabatmu,صحابت٢,صحابت٢مو
saudara-saudaraku,ساودارا٢,ساودارا٢کو
saudara-saudaramu,ساودارا٢,ساودارا٢مو
sekutu-sekutu,سکوتو-سکوتو,سکوتو٢
surah-surah,سوره٢,سورة٢
syiar-syiar,شيعر٢,شعار٢
tetamu-tetamuku,تتامو٢,تتامو٢کو
berhala-berhalanya,برهلا٢ڽ,برهالا٢ڽ
diejek-ejekkan,دايجيق-ايجيقکن,دايجيق٢کن
ditunggu-tunggu,دتوڠݢو-توڠݢو,دتوڠݢو٢
kewajipan-kewajipanku,کواجيڤن٢,کواجيڤن٢کو
nikmat-nikmatku,نعمت٢,نعمت٢کو
pemindah,ڤمينده,ڤماينده
penolong-penolongku,ڤنولوڠ٢,ڤنولوڠ٢کو
penyokong-penyokongmu,ڤڽوکوڠ٢,ڤڽوکوڠ٢مو
sekutu-sekutuku,سکوتو٢,سکوتو٢کو
sekutu-sekutunya,سکوتو-سکوتوڽ,سکوتو٢ڽ
tuhan-tuhanku,توهن٢,توهن٢کو
diami,ديامي,دعامي
kemari,کمري,کيمري
kuasai,کواساي,کواسي
murkai,مورکاي,مورکي
taati,تعاتي,طاعةي
disetujui,دستوجوءي,دستوجوي
seindah-indah,ساينده-اينده,ساينده٢
sekuat-kuat,سقوات-قوات,سقوات٢
serapi-rapi,سراڤي-راڤي,سراڤي٢
serendah-rendah,سرنده-رنده,سرنده٢
seringan-ringan,سريڠن-ريڠن,سريڠن٢
seburuk-buruknya,سبوروق٢,سبوروق٢ڽ
sekuat-kuatnya,سقوات-قواتڽ,سقوات٢ڽ
semulia-mulianya,سموليا-مولياڽ,سموليا٢ڽ
babai,باباي,بابي
bai,باءي,باي
bangi,باڠي,بڠي
bekali,بکالي,بکلي
belakai,بلاکاي,بلاکي
berdiri-diri,برديري-ديري,برديري٢
cangi,چاڠي,چڠي
dandani,دنداني,دندني
dani,داني,دني
dekati,دکاتي,دکتي
diagih-agihkan,داݢيه-اݢيهکن,داݢيه٢کن
diakal-akalkan,دعقل-کالکن,دعقل٢کن
diambung-ambungkan,دامبوڠ-امبوڠکن,دامبوڠ٢کن
diapakan,داڤاکن,داڤکن
diasing-asingkan,داسيڠ-اسيڠکن,داسيڠ٢کن
diberangsangkan,دبرڠسڠکن,دبراڠساڠکن
dibetul-betulkan,دبتول-بتولکن,دبتول٢کن
dibiayakan,دبياياکن,دبيايکن
diburu-burukan,دبورو-بوروکن,دبورو٢کن
dicelakakan,دچلاکاکن,دچلاککن
dicerai-ceraikan,دچراي-چرايکن,دچراي٢کن
didatukkan,دداتوقکن,دداتوءکن
didewasakan,دديواساکن,دديواسکن
difadihatkan,دفضيحتکن,دفضيحةکن
digerak-gerakkan,دݢرق-ݢرقکن,دݢرق٢کن
dighairahkan,دغيرهکن,دغاءيرهکن
digopoh-gopohkan,دݢوڤوه-ݢوڤوهکن,دݢوڤوه٢کن
diharap-harapkan,دهارڤ-هارڤکن,دهارڤ٢کن
dihargakan,دهرݢاکن,دهرݢکن
diingat-ingatkan,دايڠت-ايڠتکن,دايڠت٢کن
diiqamatkan,داقامتکن,داقامةکن
dijagai,دجاݢاءي,دجاݢي
dijajakan,دجاجاکن,دجاجکن
dikemarikan,دکمريکن,دکيمريکن
dikendanai,دکنداناءي,دکنداني
dikira-kirakan,دکيرا-کيراکن,دکيرا٢کن
dikuasakan,دکواساکن,دکواسکن
dipanjang-panjangkan,دڤنجڠ-ڤنجڠکن,دڤنجڠ٢کن
diperbahasakan,دڤربهاساکن,دڤربهاسکن
dipuratakan,دڤوراتاکن,دڤوراتکن
dipusing-pusingkan,دڤوسيڠ-ڤوسيڠکن,دڤوسيڠ٢کن
dirabai,دراباءي,درابي
dirajai,دراجاءي,دراجي
direnyuk-renyukkan,درڽوق-رڽوقکن,درڽوق٢کن
diringan-ringankan,دريڠن-ريڠنکن,دريڠن٢کن
diselepangkan,دسلڤڠکن,دسليڤڠکن
diserapi,دسرڤي,دسيرڤي
disihatkan,دسيحتکن,دصيحتکن
ditanyai,دتاڽاءي,دتاڽي
ditebasi,دتيبسي,دتبسي
ditujui,دتوجوءي,دتوجوي
ditunggui,دتوڠݢوءي,دتوڠݢوي
diulang-ulangi,داولڠ-اولڠي,داولڠ٢ي
diundikan,داونديقن,داونديکن
diwahamkan,دواهمکن,دوهمکن
ghazali,غزلي,غزالي
hawai,حواي,حواءي
hayai,هاياي,هايي
incii,اينچي,اينچيي
kemasi,کماسي,کمسي
kerati,کراتي,کرتي
lepai,لڤاي,ليڤاي
leperi,لڤري,ليڤيري
lihati,ليهاتي,ليهتي
masai,ماساي,ماسي
meli,ملي,ميلي
mengkali,مڠکالي,مڠکلي
menjamui,منجاموءي,منجاموي
mentali,منتالي,مينتلي
menyama-nyamai,مڽاما-ڽاماءي,مڽاما-ڽاماي
menyerangi,مڽيرڠي,مڽرڠي
nani,ناني,نني
pemolek,ڤموليق,ڤماوليق
pemutih,ڤموتيه,ڤماوتيه
pengah,ڤڠه,ڤڠاه
pengam,ڤڠم,ڤڠعام
pengambin,ڤڠمبين,ڤڠامبين
pengantuk,ڤڠنتوق,ڤڠانتوق
pengerik,ڤڠريق,ڤڠاريق
pengidap,ڤڠيدڤ,ڤڠايدڤ
pengimbuh,ڤڠيمبوه,ڤڠايمبوه
pengulang-alik,ڤڠولڠ٢,ڤڠاولڠ-اليق
pengunjam,ڤڠونجم,ڤڠاونجم
perlaki,ڤرلاکي,ڤرلقي
rajii,رجعي,رجعيي
sakai,ساکاي,ساکي
sanai,ساناي,ساني
seawal,ساوال,ساول
sebusuk-busuk,سبوسوق-بوسوق,سبوسوق٢
secita-cita,سچيتا-چيتا,سچيتا٢
sedepa,سدڤا,سديڤا
seindah-indahnya,ساينده-ايندهڽ,ساينده٢ڽ
sejumaat,سجوماعت,سجمعة
sekaya,سکاي,سکايا
sekek,سيکيق,سکيک
sekerabat,سقرابت,سقرابة
sekuliah,سکولياه,سکليه
selandap,سلندڤ,سلاندڤ
selima,سليما,سليم
seloki,سلوکي,سيلوقي
selong,سيلوڠ,سلوڠ
semerak,سميرق,سمرق
seperak,سڤرق,سڤيرق
seperlapan,سڤرلڤن,سڤرلاڤن
sergai,سرݢاي,سرݢي
seroi,سروي,سيروي
serupa-rupa,سروڤا-روڤا,سروڤا٢
sesaham,سسهم,سساهم
sesamum,سساموم,سسموم
sesen,سيسين,سسين
setaman,ستمن,ستامن
sewai,سيواي,سواي
teli,تلي,تيلي
temahai,تمهاي,تماهي
temi,تمي,تيمي
terkata-katai,ترکاتا-کاتاي,ترکاتا-کاتي
terokai,تراوکاي,تروکي
difadihatkannya,دفضيحتکنڽ,دفضيحةکنڽ
diketemui,دکتموءي,دکتموي
diselot,دسيلوت,دسلوت
ditujuinya,دتوجوءيڽ,دتوجويڽ
hawaii,حواي,حواءيي
pengidapnya,ڤڠيدڤڽ,ڤڠايدڤڽ
sebanyak-banyaknya,سباڽق-باڽقڽ,سباڽق٢ڽ
al-rahman,الرهمن,الرحمن
al-rahim,الرهيم,الرحيم
al-salam,السلم,السلام
al-muhaimin,المحيمن,المهيمن
al-jabbar,الجبر,الجبار
al-barik,الباريق,البارئ
al-musawwir,المسوير,المصور
al-ghaffar,الغفر,الغفار
al-qahhar,القهر,القهار
al-fattah,الفتح,الفتاح
al-qabid,القبد,القابض
al-basir,الباسير,البصير
al-latif,اللتيف,اللطيف
al-khabir,الخبر,الخبير
al-azim,العزيم,العظيم
al-syakur,الشكر,الشكور
al-ali,العلي,العلى
al-kabir,الکبر,الكبير
al-muqit,المعيت,المقيت
al-karim,الکريم,الكريم
al-mujib,المجب,المجيب
al-bais,الباءيس,الباعث
al-wakil,الواکل,الوكيل
al-qawi,القوءي,القوى
al-wali,الوالي,الولى
al-mubdik,المبدع,المبدئ
al-muhyi,المحي,المحيى
al-mumit,الموت,المميت
al-majid,المجيد,الماجد
al-samad,السمد,الصمد
al-qadir,القدر,القادر
al-muqtadir,المقدر,المقتدر
al-muakhir,المؤعر,المؤخر
al-awwal,العوال,الاول
al-akhir,العهر,الاخر
al-zahir,الظهير,الظاهر
al-batin,البتين,الباطن
al-mutaali,المتعلي,المتعالي
al-muntaqim,المنتقيم,المنتقم
al-rauf,الرعوف,الرؤوف
malik al-Mulk,ملکال٢,مالك الملك
Zual-Jalal waal-Ikram,بوال-الوق,ذو الجلال و الاكرام
al-muqsit,المقست,المقسط
al-ghani,الغني,الغنى
al-mughni,المحي,المغنى
al-manik,المنيک,المانع
al-dar,الدر,الضار
al-hadi,الحدي,الهادئ
al-badik,البادق,البديع
al-baqi,البقي,الباقي
al-sabur,الصبر,الصبور
adat-istiadat,عادت٢,عادت-استعادت
adik-adikku,اديق٢,اديق-اديقکو
al-ahad,الحهد,الاحد
al-amin,العمين,الامين
al-anbia,الانبيا,الانبياء
al-bai,الباءي,الباي
al-fadil,الفضل,الفضيل
al-fana,الفنا,الفناء
al-ghazali,الغزلي,الغزالي
al-haram,الحرم,الحرام
al-hayat,الحيت,الحيات
al-ikhlas,الخلاس,الاخلاس
al-ikram,العرام,الاکرام
al-islam,العلام,الاسلام
al-jabar,الجبر,الجابر
al-jihad,الجهد,الجهاد
al-kitab,الکتب,الکتاب
al-muhit,المحيت,المحيط
al-wasi,الواسي,الوصي
anti-amerika,انتي٢,انتي-اميريکا
anti-barat,انتي٢,انتي-بارت
ari-aring,اري٢,اري-اريڠ
asal-usul,اصل٢,اصل-اصول
asid-alkali,اسيد٢,اسيد-الکالي
as-salam,اس-صلام,اس-سلام
as-samad,اس-سمد,اس-صمد
asyik-maksyuk,عاشيق٢,عاشيق-معشوق
bagi-nya,باݢي٢,باݢي-ڽا
bahagi-bahagikan,بهاݢي٢,بهاݢي-بهاݢيکن
beli-belian,بلي-بلين,بلي-بليان
berbuih-buih,بربوءيه٢,بربوءيه-بوءيه
beri-memberi,بري-ممبري,بيري-ممڤري
berlenggang-lenggok,برليڠݢڠ-ليڠݢوق,برل-يڠ-ݢ-ڠ-ليڠݢوق
berongga-rongga,براوڠݢ-روڠݢ,بروڠݢ-روڠݢ
berselindung-selindung,برسليندوڠ٢,برسليندوڠ-سليندوڠ
bertaraf-taraf,برطرف-ترف,برطرف-طرف
boleh-bolehnya,بوليه٢ڽ,بوليه-بوليهڽ
brigedier-jeneral,بريݢيدير٢,بريݢيديار-جينرل
buruk-baiknya,بوروق٢,بوروق-باءيقڽ
campak-mencampak,چامڤق-منچمڤق,چامڤق-منچامڤق
cinta-mencintai,چينتا-منچينتاي,چينتا-منچينتاءي
ciptaan-nya,چيڤتاءن٢,چيڤتاءن-ڽا
demi-finale,دمي٢,دمي-فينالي
diagah-agah,داݢه٢,داݢه-اݢه
dibuka-buka,دبوک٢,دبوک-بوک
digores-gores,دݢوريس٢,دݢوريس-ݢوريس
dijangka-jangka,دجڠک٢,دجڠک-جڠک
dirasa-rasai,دراسا-راساءي,دراس-راساي
disambung-sambung,دسامبوڠ٢,دسامبوڠ-سامبوڠ
disanjung-sanjung,دسانجوڠ٢,دسانجوڠ-سانجوڠ
ganggu-gugat,ݢڠݢو٢,ݢڠݢو-ݢوݢت
ganti-berganti,ݢنتي٢,ݢنتي-برݢنتي
gaya-gayanya,ݢاي٢ڽ,ݢاي-ݢايڽ
harga-menghargai,هرݢ-مڠهرݢاي,هرݢ-مڠهرݢاءي
hutang-hutangnya,هوتڠ٢ڽ,هوتڠ-هوتڠڽ
import-eksport,ايمڤورت٢,ايمڤورت-ايکسڤورت
indonesia-malaysia,ايندونيسيا٢,ايندونيسيا-مليسيا
jiran-jirannya,جيرن٢ڽ,جيرن-جيرنڽ
jungkir-balik,جوڠکير٢,جوڠکير-باليق
kait-berkait,کاءيت٢,کاءيت-برکاءيت
kait-mengait,کاءيت٢,کاءيت-مڠاءيت
kelemahan-kelemahannya,کلمهن٢ڽ,کلمهن-کلمهنڽ
kirim-mengirim,کيريم٢,کيريم-مڠيريم
kuang-kuit,کواڠ٢,کواڠ-کوءيت
kulai-balai,کولاي٢,کولاي-بالاي
lebih-lebihan,لبيه٢,لبيه-لبيهن
leftenan-kolonel,ليفتينن٢,ليفتنن-کولونل
lenggang-lenggok,ليڠݢڠ-ليڠݢوق,ل-يڠ-ݢ-ڠ-ليڠݢوق
liuk-lentok,ليوق٢,ليوق-لينتوق
malaikat-nya,ملائکة-ڽ,ملائکة-ڽا
malaysia-indonesia,مليسيا٢,مليسيا-ايندونيسيا
malaysia-thai,مليسياء,مليسيا-اءي
massa-aksi,مسسا٢,مسسا-اکسي
mencela-cela,منچلا-چلا,منچلا-چيلا
menelungkup-menelentangkan,منلوڠکوڤ-منلنتکن,منلوڠکوڤ-منلنتڠکن
mengawasi-awasi,مڠاوسي-اواسي,مڠاوسي-اوسي
mengejek-ejekkan,مڠيجيق-ايجيقکن,مڠجيک-ايجيقکن
menguak-nguak,مڠواق-ڠواق,مڠووق-ڠواق
paku-pakis,ڤاکو٢,ڤاکو-ڤاکيس
panca-persada,ڤنچا٢,ڤنچا-ڤرسادا
pan-islam,ڤن٢,ڤن-اسلام
parang-memarang,ڤارڠ-ممارڠ,ڤارڠ-ممڤرڠ
pelakon-pelakonnya,ڤلاکون٢ڽ,ڤلاکون-ڤلاکونڽ
pemakai-pemakainya,ڤماکاي٢ڽ,ڤماکاي-ڤماکايڽ
pemandangan-pemandangannya,ڤمندڠن٢ڽ,ڤمندڠن-ڤمندڠنڽ
pembeli-pembelinya,ڤمبلي٢ڽ,ڤمبلي-ڤمبليڽ
pemilik-pemiliknya,ڤميليق٢ڽ,ڤميليق-ڤميليقڽ
pemuda-pemudi,ڤمودا٢,ڤمودا-ڤمودي
pertolongan-nya,ڤرتولوڠن٢,ڤرتولوڠن-ڽا
perwai-wai,ڤرواي٢,ڤرواي-واي
pro-peking,ڤرو٢,ڤرو-ڤکيڠ
proses-verbal,ڤروسيس٢,ڤروسيس-ۏربل
putera-puteri,ڤوترا٢,ڤوترا-ڤوتري
rahmatnya,رهمتڽ,رهمةڽ
rendah-merendahkan,رينده-مرندهکن,رنده-مرندهکن
sabur-limbur,سابور٢,سابور-ليمبور
sana-sini,سان٢,سان-سيني
sangat-sangatlah,ساڠت٢,ساڠت-ساڠتله
sangkut-pautnya,سڠکوت٢,سڠکوت-ڤاءوتڽ
sebentar-bentar,سبنتر٢,سبنتر-بينتر
sedalam-dalamnya,سدالم٢ڽ,سدالم-دالمڽ
sekuasa-kuasanya,سکواسا-کواسڽ,سکواس-کواسڽ
sepak-menyepak,سڤق-مڽڤق,سيڤق-مڽيڤق
sopan-santun,سوڤن٢,سوڤن-سنتون
tendang-menendang,تيندڠ-منندڠ,تندڠ-منندڠ
tepuk-sorak,تڤوق٢,تڤوق-سورق
teralang-alang,ترالڠ٢,ترالڠ-الڠ
terlambung-lambung,ترلامبوڠ-لمبوڠ,ترلامبوڠ-لامبوڠ
terpancang-pancang,ترڤنچڠ-ڤانچڠ,ترڤنچڠ-ڤنچڠ
tersandung-sandung,ترساندوڠ-ساندوڠ,ترسندوڠ-سندوڠ
tersangka-sangka,ترسڠک٢,ترسڠک-سڠک
tersentak-sentak,ترسنتق-سنتق,ترسينتق-سينتق
terus-terang,تروس٢,تروس-ترڠ
tuhfat-al-nafis,توفف-الکن,تودوه-منودوه
tukul-takal,توکول٢,توکول-تاکل
tul-salatin,تول-سلاتين,تول-سلاطين
ulas-ulasnya,اولس٢ڽ,اولس-اولسڽ
kabilah-kabilah,کبيله٢,قبيله٢
langgai-langgai,لڠݢاي٢,لاڠݢاي٢
melengkung-melengkung,ملڠکوڠ-ملڠکوڠ,ملڠکوڠ٢
sangkar-sangkar,سڠکر٢,ساڠکر٢
sedan-sedan,سدن٢,سيدن٢
tenang-tenang,تنڠ٢,تينڠ٢
teruna-teruna,ترونا-ترونا,ترونا٢
